U_ID,GEN,AGE,REGION,AGE,STYLE
1,2,20,6,26,5
2,2,20,1,21,5
3,2,20,0,20,5
4,2,20,1,21,2
5,2,20,5,25,1
6,2,20,7,27,1
7,1,20,5,25,5
8,1,20,2,22,5
9,2,20,7,27,1
10,2,20,1,21,2
11,2,20,0,20,2
12,2,20,9,29,2
13,2,20,4,24,2
14,2,20,3,23,6
15,2,20,6,26,3
16,2,20,4,24,4
17,2,20,8,28,4
18,2,20,8,28,3
19,2,20,0,20,2
20,2,20,3,23,3
21,1,20,5,25,5
22,1,20,6,26,2
23,2,20,5,25,5
24,2,20,3,23,1
25,2,20,8,28,1
26,2,20,2,22,3
27,2,20,5,25,4
28,2,20,9,29,1
29,1,20,4,24,2
30,1,20,5,25,2
31,1,20,1,21,1
32,1,20,6,26,3
33,2,20,5,25,1
34,2,20,8,28,5
35,2,20,8,28,3
36,2,20,4,24,5
37,1,20,7,27,4
38,2,20,5,25,2
39,2,20,0,20,2
40,2,20,0,20,5
41,2,20,1,21,6
42,2,20,9,29,5
43,2,20,8,28,2
44,2,20,0,20,2
45,2,20,1,21,2
46,2,20,7,27,5
47,1,20,2,22,3
48,2,20,5,25,1
49,2,20,6,26,1
50,2,20,6,26,5
51,2,20,5,25,1
52,2,20,5,25,5
53,1,20,5,25,6
54,1,20,8,28,4
55,1,20,6,26,6
56,2,20,8,28,5
57,2,20,8,28,1
58,2,20,8,28,2
59,2,20,4,24,3
60,2,20,0,20,1
61,1,20,3,23,5
62,1,20,8,28,4
63,2,20,8,28,2
64,1,20,2,22,3
65,2,20,8,28,1
66,2,20,8,28,4
67,2,20,8,28,4
68,1,20,3,23,5
69,2,20,5,25,2
70,2,20,4,24,2
71,1,20,7,27,3
72,2,20,7,27,4
73,2,20,8,28,6
74,2,20,2,22,2
75,2,20,8,28,5
76,2,20,3,23,3
77,2,20,4,24,5
78,1,20,6,26,3
79,2,20,0,20,1
80,1,20,0,20,1
81,2,20,9,29,2
82,2,20,2,22,3
83,2,20,6,26,1
84,2,20,5,25,1
85,2,20,4,24,3
86,1,20,9,29,1
87,2,20,6,26,4
88,1,20,1,21,1
89,2,20,7,27,5
90,2,20,1,21,5
91,2,20,6,26,1
92,2,20,0,20,3
93,2,20,2,22,1
94,2,20,0,20,1
95,1,20,9,29,2
96,2,20,8,28,3
97,1,20,0,20,3
98,1,20,0,20,5
99,2,20,3,23,4
100,2,20,0,20,5
101,2,20,8,28,2
102,2,20,6,26,2
103,2,20,3,23,3
104,2,20,8,28,2
105,2,20,5,25,6
106,2,20,7,27,2
107,2,20,3,23,4
108,2,20,4,24,3
109,2,20,1,21,1
110,2,20,0,20,5
111,2,20,9,29,6
112,1,20,5,25,5
113,1,20,4,24,2
114,2,20,9,29,4
115,2,20,0,20,3
116,1,20,8,28,4
117,2,20,7,27,1
118,2,20,1,21,1
119,2,20,7,27,3
120,2,20,0,20,4
121,2,20,5,25,2
122,2,20,1,21,5
123,1,20,3,23,6
124,2,20,4,24,2
125,2,20,7,27,4
126,2,20,1,21,1
127,2,20,8,28,2
128,2,20,2,22,4
129,2,20,3,23,2
130,2,20,2,22,6
131,2,20,4,24,5
132,2,20,0,20,4
133,2,20,8,28,1
134,2,20,1,21,4
135,2,20,4,24,5
136,2,20,5,25,4
137,2,20,4,24,5
138,2,20,0,20,1
139,2,20,9,29,1
140,2,20,0,20,3
141,2,20,8,28,1
142,2,20,8,28,1
143,2,20,9,29,3
144,2,20,0,20,4
145,1,20,8,28,2
146,2,20,8,28,2
147,1,20,1,21,5
148,2,20,4,24,4
149,2,20,3,23,1
150,2,20,7,27,3
151,2,20,1,21,2
152,1,20,5,25,4
153,2,20,8,28,4
154,2,20,3,23,3
155,2,20,4,24,3
156,2,20,7,27,2
157,1,20,1,21,1
158,2,20,5,25,3
159,2,20,9,29,3
160,2,20,6,26,1
161,2,20,2,22,5
162,2,20,6,26,1
163,2,20,2,22,5
164,1,20,3,23,2
165,2,20,1,21,2
166,1,20,1,21,2
167,1,20,5,25,6
168,2,20,0,20,2
169,2,20,3,23,3
170,1,20,2,22,1
171,2,20,1,21,3
172,2,20,6,26,3
173,2,20,8,28,2
174,1,20,6,26,4
175,2,20,3,23,3
176,2,20,3,23,5
177,2,20,9,29,2
178,2,20,0,20,2
179,1,20,8,28,1
180,2,20,2,22,4
181,2,20,4,24,4
182,2,20,4,24,1
183,1,20,0,20,1
184,2,20,4,24,4
185,2,20,8,28,1
186,2,20,6,26,3
187,2,20,7,27,1
188,1,20,0,20,6
189,2,20,8,28,6
190,2,20,5,25,4
191,2,20,9,29,2
192,2,20,9,29,4
193,1,20,8,28,6
194,2,20,2,22,3
195,1,20,2,22,3
196,2,20,6,26,2
197,2,20,3,23,1
198,2,20,3,23,2
199,2,20,8,28,2
200,1,20,1,21,6
201,2,20,0,20,2
202,1,20,0,20,3
203,2,20,5,25,1
204,2,20,8,28,2
205,1,20,5,25,3
206,2,20,6,26,1
207,2,20,8,28,5
208,2,20,3,23,5
209,1,20,8,28,6
210,1,20,5,25,3
211,1,20,6,26,4
212,2,20,6,26,3
213,2,20,2,22,1
214,1,20,0,20,4
215,2,20,8,28,2
216,2,20,2,22,4
217,2,20,9,29,2
218,2,20,5,25,4
219,2,20,1,21,1
220,2,20,2,22,4
221,2,20,7,27,1
222,2,20,7,27,3
223,1,20,0,20,3
224,2,20,1,21,4
225,2,20,9,29,1
226,1,20,3,23,1
227,2,20,3,23,3
228,2,20,2,22,2
229,2,20,6,26,4
230,2,20,4,24,1
231,1,20,4,24,4
232,2,20,8,28,2
233,2,20,2,22,4
234,2,20,5,25,2
235,2,20,9,29,6
236,1,20,7,27,5
237,2,20,9,29,1
238,2,20,4,24,4
239,2,20,4,24,1
240,1,20,7,27,4
241,2,20,4,24,6
242,2,20,4,24,3
243,1,20,0,20,1
244,1,20,0,20,5
245,2,20,4,24,2
246,1,20,0,20,2
247,2,20,3,23,5
248,2,20,1,21,2
249,2,20,3,23,2
250,2,20,7,27,6
251,1,20,3,23,1
252,2,20,1,21,1
253,2,20,8,28,5
254,2,20,0,20,2
255,2,20,6,26,1
256,1,20,3,23,1
257,2,20,2,22,1
258,2,20,9,29,6
259,2,20,3,23,4
260,2,20,7,27,6
261,2,20,9,29,4
262,2,20,9,29,5
263,2,20,2,22,1
264,2,20,7,27,3
265,1,20,4,24,6
266,2,20,5,25,2
267,1,20,9,29,3
268,2,20,5,25,2
269,2,20,4,24,4
270,2,20,8,28,2
271,1,20,2,22,3
272,2,20,8,28,5
273,2,20,8,28,5
274,2,20,7,27,2
275,2,20,7,27,4
276,2,20,3,23,1
277,2,20,0,20,5
278,2,20,5,25,1
279,2,20,7,27,1
280,2,20,9,29,1
281,1,20,2,22,4
282,1,20,6,26,1
283,2,20,5,25,5
284,1,20,3,23,2
285,1,20,5,25,1
286,1,20,1,21,1
287,1,20,2,22,3
288,2,20,9,29,1
289,1,20,9,29,1
290,2,20,0,20,1
291,1,20,0,20,2
292,2,20,5,25,4
293,1,20,8,28,4
294,1,20,6,26,4
295,2,20,7,27,5
296,2,20,0,20,1
297,2,20,2,22,2
298,2,20,1,21,1
299,2,20,7,27,2
300,1,20,2,22,5
301,1,20,1,21,2
302,2,20,3,23,2
303,1,20,0,20,3
304,2,20,2,22,1
305,2,20,5,25,2
306,2,20,1,21,3
307,2,20,7,27,2
308,2,20,9,29,2
309,2,20,1,21,4
310,2,20,0,20,1
311,1,20,7,27,3
312,2,20,3,23,1
313,2,20,1,21,4
314,2,20,2,22,1
315,2,20,0,20,3
316,1,20,3,23,2
317,2,20,8,28,1
318,1,20,8,28,1
319,1,20,8,28,2
320,2,20,2,22,1
321,2,20,9,29,3
322,1,20,6,26,2
323,2,20,0,20,4
324,2,20,8,28,1
325,2,20,6,26,5
326,2,20,5,25,5
327,1,20,9,29,3
328,1,20,5,25,1
329,2,20,5,25,3
330,1,20,4,24,4
331,2,20,2,22,2
332,2,20,5,25,5
333,1,20,9,29,4
334,2,20,6,26,5
335,2,20,2,22,5
336,2,20,0,20,2
337,2,20,4,24,6
338,1,20,6,26,2
339,2,20,8,28,3
340,2,20,9,29,4
341,1,20,9,29,5
342,1,20,6,26,1
343,2,20,7,27,2
344,2,20,2,22,5
345,2,20,3,23,6
346,2,20,6,26,1
347,2,20,1,21,3
348,2,20,8,28,1
349,2,20,3,23,3
350,1,20,4,24,1
351,1,20,9,29,2
352,2,20,2,22,3
353,2,20,6,26,1
354,2,20,6,26,3
355,2,20,9,29,1
356,1,20,0,20,2
357,2,20,4,24,2
358,2,20,0,20,3
359,2,20,8,28,1
360,2,20,6,26,1
361,2,20,9,29,2
362,2,20,8,28,4
363,2,20,0,20,1
364,1,20,6,26,4
365,2,20,4,24,3
366,1,20,5,25,1
367,1,20,5,25,4
368,2,20,1,21,1
369,1,20,1,21,6
370,1,20,6,26,2
371,2,20,6,26,2
372,1,20,8,28,5
373,1,20,4,24,6
374,1,20,0,20,1
375,2,20,5,25,6
376,2,20,9,29,4
377,2,20,7,27,1
378,2,20,3,23,1
379,1,20,9,29,5
380,2,20,2,22,5
381,2,20,1,21,3
382,2,20,2,22,5
383,2,20,0,20,6
384,2,20,1,21,2
385,2,20,9,29,5
386,1,20,5,25,5
387,2,20,0,20,2
388,2,20,4,24,5
389,2,20,3,23,2
390,1,20,5,25,3
391,1,20,2,22,1
392,2,20,6,26,5
393,1,20,7,27,1
394,1,20,3,23,4
395,2,20,6,26,1
396,1,20,1,21,5
397,2,20,2,22,2
398,2,20,4,24,1
399,2,20,5,25,2
400,2,20,2,22,2
401,2,20,6,26,3
402,1,20,4,24,2
403,2,20,7,27,1
404,2,20,9,29,2
405,1,20,6,26,6
406,2,20,8,28,4
407,2,20,0,20,4
408,2,20,6,26,5
409,2,20,3,23,4
410,2,20,9,29,6
411,2,20,3,23,3
412,2,20,5,25,5
413,2,20,9,29,3
414,2,20,0,20,2
415,1,20,6,26,3
416,2,20,2,22,6
417,2,20,2,22,3
418,2,20,1,21,3
419,2,20,7,27,1
420,2,20,7,27,6
421,2,20,4,24,2
422,2,20,9,29,4
423,2,20,9,29,2
424,2,20,2,22,6
425,2,20,5,25,1
426,1,20,0,20,2
427,1,20,8,28,2
428,1,20,5,25,4
429,1,20,5,25,2
430,2,20,4,24,3
431,2,20,3,23,1
432,1,20,0,20,1
433,2,20,5,25,1
434,2,20,1,21,2
435,2,20,7,27,2
436,2,20,4,24,1
437,1,20,7,27,2
438,2,20,6,26,2
439,2,20,7,27,3
440,2,20,6,26,1
441,2,20,2,22,4
442,2,20,8,28,4
443,1,20,6,26,1
444,2,20,6,26,1
445,1,20,8,28,5
446,2,20,5,25,4
447,2,20,5,25,2
448,2,20,0,20,2
449,1,20,1,21,3
450,2,20,9,29,1
451,2,20,1,21,5
452,1,20,2,22,1
453,1,20,8,28,1
454,2,20,5,25,1
455,2,20,1,21,3
456,2,20,9,29,2
457,2,20,4,24,5
458,1,20,3,23,1
459,1,20,6,26,4
460,2,20,2,22,1
461,2,20,8,28,4
462,1,20,3,23,4
463,1,20,9,29,6
464,2,20,2,22,3
465,2,20,4,24,2
466,2,20,4,24,6
467,1,20,4,24,6
468,2,20,1,21,3
469,2,20,2,22,4
470,1,20,6,26,1
471,2,20,3,23,2
472,2,20,1,21,3
473,2,20,8,28,5
474,1,20,3,23,3
475,2,20,0,20,2
476,2,20,3,23,3
477,2,20,5,25,5
478,1,20,9,29,3
479,2,20,7,27,2
480,1,20,6,26,1
481,1,20,8,28,3
482,2,20,1,21,1
483,2,20,6,26,3
484,2,20,3,23,1
485,2,20,9,29,6
486,1,20,4,24,6
487,1,20,5,25,1
488,2,20,8,28,2
489,2,20,4,24,2
490,1,20,3,23,2
491,1,20,4,24,2
492,2,20,0,20,2
493,2,20,9,29,1
494,2,20,0,20,5
495,1,20,2,22,2
496,1,20,0,20,4
497,2,20,2,22,2
498,1,20,2,22,1
499,1,20,6,26,2
500,2,20,8,28,4
501,2,30,4,34,1
502,1,30,9,39,6
503,1,30,4,34,6
504,2,30,5,35,3
505,1,30,7,37,5
506,2,30,4,34,1
507,1,30,9,39,4
508,2,30,2,32,3
509,2,30,6,36,2
510,2,30,1,31,1
511,2,30,2,32,3
512,2,30,5,35,1
513,2,30,1,31,3
514,1,30,7,37,1
515,2,30,0,30,1
516,2,30,2,32,5
517,2,30,0,30,3
518,2,30,0,30,1
519,1,30,3,33,1
520,2,30,3,33,6
521,2,30,2,32,2
522,2,30,5,35,1
523,2,30,0,30,4
524,2,30,0,30,2
525,1,30,4,34,5
526,2,30,4,34,2
527,2,30,9,39,2
528,1,30,6,36,3
529,2,30,0,30,2
530,2,30,3,33,2
531,1,30,0,30,4
532,2,30,2,32,3
533,1,30,6,36,3
534,2,30,4,34,4
535,1,30,9,39,1
536,1,30,5,35,1
537,2,30,9,39,4
538,2,30,8,38,4
539,2,30,6,36,2
540,1,30,8,38,4
541,2,30,7,37,2
542,2,30,0,30,2
543,2,30,1,31,2
544,2,30,2,32,2
545,2,30,5,35,3
546,1,30,6,36,2
547,1,30,1,31,3
548,2,30,3,33,1
549,2,30,2,32,1
550,2,30,5,35,3
551,2,30,2,32,5
552,2,30,8,38,3
553,2,30,8,38,3
554,1,30,6,36,3
555,2,30,9,39,3
556,1,30,1,31,2
557,2,30,6,36,5
558,2,30,9,39,2
559,2,30,1,31,4
560,1,30,0,30,3
561,1,30,2,32,4
562,2,30,1,31,1
563,2,30,5,35,5
564,1,30,0,30,2
565,2,30,1,31,3
566,2,30,9,39,5
567,1,30,3,33,3
568,1,30,4,34,3
569,1,30,9,39,1
570,2,30,0,30,2
571,2,30,8,38,3
572,1,30,0,30,4
573,2,30,9,39,1
574,2,30,1,31,5
575,1,30,5,35,2
576,1,30,4,34,3
577,2,30,7,37,2
578,2,30,8,38,4
579,2,30,1,31,4
580,2,30,9,39,2
581,2,30,8,38,3
582,2,30,8,38,2
583,2,30,7,37,6
584,2,30,2,32,1
585,2,30,8,38,6
586,2,30,0,30,5
587,1,30,3,33,4
588,2,30,4,34,4
589,2,30,8,38,4
590,1,30,2,32,1
591,1,30,1,31,6
592,2,30,3,33,3
593,1,30,4,34,4
594,1,30,3,33,2
595,1,30,8,38,1
596,1,30,7,37,4
597,2,30,8,38,2
598,2,30,0,30,3
599,2,30,3,33,1
600,2,30,1,31,3
601,2,30,0,30,1
602,2,30,8,38,4
603,1,30,7,37,3
604,1,30,5,35,1
605,1,30,6,36,3
606,2,30,3,33,3
607,2,30,7,37,4
608,2,30,3,33,1
609,2,30,4,34,4
610,2,30,5,35,3
611,2,30,5,35,2
612,2,30,3,33,2
613,2,30,9,39,1
614,2,30,3,33,1
615,2,30,6,36,3
616,1,30,3,33,5
617,2,30,8,38,5
618,1,30,0,30,6
619,2,30,3,33,2
620,2,30,7,37,2
621,2,30,2,32,1
622,2,30,3,33,3
623,1,30,0,30,1
624,2,30,8,38,6
625,2,30,1,31,2
626,1,30,9,39,2
627,2,30,2,32,3
628,2,30,8,38,1
629,2,30,4,34,2
630,2,30,8,38,3
631,2,30,6,36,3
632,2,30,9,39,2
633,1,30,9,39,4
634,1,30,9,39,2
635,2,30,5,35,1
636,2,30,2,32,2
637,2,30,5,35,2
638,2,30,9,39,4
639,1,30,9,39,5
640,2,30,6,36,4
641,2,30,4,34,2
642,1,30,0,30,4
643,2,30,5,35,6
644,1,30,9,39,5
645,2,30,4,34,4
646,1,30,5,35,1
647,1,30,6,36,3
648,1,30,2,32,1
649,2,30,0,30,4
650,2,30,8,38,2
651,2,30,9,39,3
652,1,30,1,31,1
653,1,30,8,38,3
654,2,30,4,34,2
655,2,30,1,31,6
656,2,30,7,37,4
657,2,30,6,36,4
658,2,30,5,35,2
659,2,30,6,36,4
660,2,30,9,39,5
661,2,30,2,32,2
662,2,30,1,31,2
663,2,30,5,35,3
664,2,30,6,36,2
665,2,30,6,36,4
666,2,30,2,32,5
667,1,30,1,31,1
668,1,30,5,35,6
669,2,30,4,34,5
670,2,30,0,30,3
671,2,30,6,36,4
672,2,30,7,37,3
673,2,30,8,38,3
674,1,30,3,33,3
675,2,30,2,32,1
676,1,30,9,39,1
677,1,30,5,35,4
678,2,30,8,38,1
679,1,30,8,38,4
680,2,30,9,39,3
681,2,30,8,38,4
682,2,30,4,34,1
683,2,30,5,35,6
684,2,30,2,32,3
685,2,30,6,36,2
686,1,30,5,35,3
687,2,30,7,37,1
688,2,30,3,33,2
689,1,30,0,30,1
690,1,30,4,34,1
691,2,30,5,35,1
692,1,30,7,37,4
693,2,30,1,31,1
694,1,30,1,31,4
695,2,30,7,37,2
696,1,30,4,34,4
697,2,30,6,36,3
698,1,30,6,36,1
699,1,30,8,38,1
700,2,30,0,30,2
701,2,30,2,32,4
702,1,30,8,38,3
703,1,30,2,32,1
704,2,30,0,30,4
705,2,30,8,38,2
706,1,30,6,36,3
707,2,30,8,38,4
708,1,30,5,35,1
709,1,30,8,38,4
710,2,30,2,32,5
711,1,30,7,37,4
712,2,30,9,39,1
713,2,30,8,38,2
714,2,30,7,37,5
715,1,30,4,34,3
716,2,30,5,35,3
717,1,30,8,38,4
718,2,30,2,32,5
719,1,30,4,34,4
720,1,30,8,38,3
721,2,30,8,38,1
722,2,30,8,38,3
723,2,30,6,36,1
724,2,30,6,36,3
725,2,30,4,34,3
726,2,30,3,33,2
727,1,30,4,34,6
728,2,30,1,31,4
729,2,30,9,39,5
730,1,30,0,30,5
731,2,30,7,37,6
732,2,30,0,30,2
733,1,30,6,36,4
734,1,30,6,36,3
735,1,30,2,32,3
736,1,30,6,36,2
737,1,30,7,37,1
738,2,30,8,38,4
739,2,30,4,34,1
740,2,30,4,34,4
741,1,30,6,36,3
742,2,30,4,34,1
743,2,30,0,30,5
744,2,30,0,30,1
745,1,30,4,34,3
746,2,30,1,31,4
747,2,30,8,38,6
748,1,30,3,33,4
749,2,30,9,39,3
750,2,30,7,37,1
751,2,30,3,33,1
752,1,30,7,37,4
753,2,30,6,36,1
754,1,30,6,36,4
755,2,30,7,37,3
756,1,30,6,36,3
757,2,30,4,34,1
758,2,30,0,30,3
759,2,30,1,31,4
760,2,30,7,37,3
761,1,30,9,39,4
762,1,30,6,36,1
763,2,30,9,39,3
764,2,30,9,39,6
765,1,30,3,33,1
766,1,30,3,33,2
767,1,30,3,33,2
768,1,30,7,37,3
769,2,30,2,32,1
770,2,30,9,39,4
771,2,30,0,30,4
772,2,30,1,31,2
773,2,30,9,39,3
774,1,30,4,34,1
775,1,30,8,38,3
776,2,30,8,38,1
777,2,30,2,32,2
778,1,30,9,39,1
779,2,30,1,31,6
780,2,30,8,38,1
781,2,30,3,33,1
782,1,30,6,36,2
783,2,30,7,37,1
784,2,30,6,36,1
785,1,30,2,32,2
786,2,30,6,36,4
787,2,30,1,31,6
788,2,30,8,38,2
789,2,30,8,38,3
790,2,30,8,38,3
791,2,30,4,34,2
792,2,30,0,30,1
793,2,30,4,34,2
794,1,30,7,37,1
795,2,30,4,34,2
796,2,30,3,33,3
797,2,30,6,36,2
798,2,30,2,32,4
799,1,30,3,33,1
800,2,30,3,33,3
801,2,30,0,30,2
802,1,30,1,31,3
803,2,30,3,33,1
804,2,30,7,37,3
805,2,30,8,38,2
806,1,30,3,33,1
807,2,30,3,33,5
808,2,30,9,39,6
809,1,30,5,35,3
810,2,30,4,34,4
811,2,30,3,33,3
812,2,30,1,31,3
813,2,30,3,33,3
814,2,30,9,39,5
815,2,30,2,32,2
816,2,30,9,39,3
817,2,30,0,30,2
818,2,30,4,34,4
819,2,30,1,31,2
820,2,30,4,34,5
821,2,30,8,38,1
822,2,30,2,32,1
823,2,30,1,31,1
824,2,30,8,38,4
825,2,30,8,38,3
826,1,30,6,36,1
827,1,30,5,35,1
828,2,30,5,35,3
829,1,30,1,31,1
830,2,30,7,37,2
831,1,30,7,37,1
832,2,30,8,38,1
833,2,30,1,31,3
834,2,30,5,35,4
835,2,30,2,32,3
836,2,30,8,38,5
837,2,30,9,39,5
838,2,30,7,37,2
839,2,30,5,35,1
840,2,30,4,34,2
841,1,30,0,30,2
842,2,30,9,39,1
843,2,30,1,31,4
844,2,30,6,36,1
845,2,30,4,34,3
846,2,30,3,33,6
847,2,30,7,37,6
848,2,30,0,30,3
849,2,30,5,35,3
850,1,30,0,30,1
851,2,30,8,38,2
852,1,30,4,34,6
853,2,30,5,35,3
854,1,30,0,30,4
855,2,30,9,39,1
856,2,30,1,31,4
857,1,30,0,30,1
858,2,30,3,33,2
859,2,30,9,39,3
860,2,30,5,35,3
861,1,30,4,34,4
862,2,30,9,39,6
863,2,30,9,39,6
864,2,30,5,35,2
865,2,30,3,33,2
866,2,30,5,35,4
867,2,30,7,37,4
868,2,30,7,37,4
869,1,30,4,34,6
870,1,30,6,36,2
871,2,30,6,36,1
872,1,30,8,38,2
873,2,30,8,38,3
874,2,30,3,33,3
875,2,30,9,39,4
876,1,30,3,33,4
877,2,30,4,34,3
878,2,30,8,38,1
879,2,30,9,39,4
880,2,30,6,36,2
881,1,30,5,35,3
882,2,30,2,32,1
883,2,30,2,32,2
884,2,30,7,37,3
885,2,30,6,36,1
886,2,30,0,30,1
887,2,30,0,30,2
888,2,30,4,34,3
889,2,30,0,30,1
890,2,30,2,32,2
891,2,30,0,30,4
892,1,30,9,39,5
893,2,30,7,37,4
894,2,30,8,38,3
895,1,30,8,38,2
896,2,30,3,33,6
897,2,30,2,32,3
898,2,30,1,31,4
899,2,30,9,39,1
900,1,30,3,33,1
901,1,30,8,38,1
902,1,30,8,38,6
903,1,30,8,38,2
904,1,30,7,37,6
905,1,30,7,37,3
906,2,30,5,35,2
907,2,30,7,37,3
908,2,30,1,31,3
909,2,30,9,39,3
910,2,30,9,39,4
911,2,30,7,37,3
912,2,30,8,38,3
913,1,30,5,35,1
914,1,30,3,33,4
915,1,30,2,32,5
916,2,30,5,35,2
917,1,30,5,35,2
918,2,30,3,33,1
919,1,30,8,38,1
920,2,30,5,35,2
921,2,30,8,38,4
922,2,30,8,38,5
923,2,30,2,32,1
924,1,30,5,35,4
925,2,30,1,31,2
926,2,30,5,35,5
927,2,30,6,36,3
928,2,30,9,39,3
929,2,30,0,30,1
930,2,30,8,38,3
931,2,30,2,32,1
932,2,30,0,30,6
933,1,30,6,36,1
934,2,30,0,30,6
935,2,30,6,36,6
936,1,30,0,30,1
937,2,30,6,36,3
938,2,30,3,33,1
939,1,30,9,39,1
940,2,30,0,30,6
941,2,30,5,35,3
942,2,30,7,37,4
943,2,30,9,39,4
944,1,30,4,34,4
945,2,30,2,32,1
946,2,30,9,39,4
947,2,30,8,38,3
948,2,30,8,38,5
949,2,30,4,34,6
950,1,30,1,31,2
951,1,30,1,31,1
952,2,30,6,36,3
953,1,30,9,39,5
954,2,30,3,33,1
955,1,30,7,37,3
956,2,30,6,36,4
957,2,30,3,33,5
958,2,30,0,30,4
959,2,30,4,34,3
960,2,30,2,32,4
961,1,30,7,37,1
962,2,30,8,38,5
963,2,30,1,31,3
964,1,30,8,38,3
965,1,30,1,31,3
966,2,30,8,38,5
967,1,30,0,30,3
968,2,30,7,37,3
969,2,30,3,33,4
970,2,30,4,34,6
971,2,30,9,39,3
972,1,30,9,39,2
973,2,30,1,31,2
974,2,30,4,34,4
975,2,30,7,37,2
976,2,30,6,36,2
977,1,30,3,33,2
978,1,30,3,33,1
979,2,30,9,39,1
980,2,30,8,38,1
981,2,30,0,30,4
982,2,30,1,31,2
983,2,30,2,32,1
984,2,30,5,35,1
985,2,30,7,37,2
986,2,30,0,30,5
987,2,30,8,38,4
988,2,30,6,36,4
989,2,30,4,34,2
990,2,30,2,32,4
991,2,30,3,33,2
992,2,30,8,38,4
993,1,30,6,36,4
994,2,30,6,36,2
995,1,30,4,34,1
996,2,30,7,37,3
997,2,30,1,31,2
998,2,30,6,36,1
999,2,30,3,33,1
1000,2,30,0,30,6
1001,2,30,8,38,4
1002,2,30,9,39,2
1003,2,30,7,37,1
1004,2,30,0,30,3
1005,2,30,8,38,2
1006,2,30,7,37,3
1007,2,30,3,33,1
1008,2,30,9,39,4
1009,2,30,7,37,1
1010,2,30,5,35,5
1011,2,30,5,35,3
1012,2,30,3,33,1
1013,2,30,9,39,4
1014,2,30,4,34,3
1015,1,30,6,36,1
1016,1,30,7,37,1
1017,1,30,3,33,2
1018,1,30,0,30,6
1019,2,30,3,33,1
1020,2,30,2,32,4
1021,2,30,5,35,3
1022,2,30,6,36,5
1023,2,30,9,39,3
1024,1,30,0,30,2
1025,2,30,3,33,2
1026,2,30,7,37,1
1027,1,30,2,32,2
1028,2,30,9,39,4
1029,2,30,2,32,1
1030,2,30,4,34,1
1031,2,30,9,39,6
1032,2,30,0,30,1
1033,2,30,2,32,2
1034,2,30,3,33,1
1035,2,30,0,30,3
1036,1,30,5,35,3
1037,2,30,1,31,3
1038,1,30,0,30,2
1039,2,30,3,33,2
1040,2,30,9,39,1
1041,1,30,7,37,4
1042,2,30,0,30,4
1043,2,30,2,32,6
1044,2,30,8,38,3
1045,1,30,5,35,3
1046,2,30,6,36,4
1047,2,30,5,35,3
1048,1,30,7,37,5
1049,2,30,2,32,3
1050,1,30,9,39,2
1051,2,30,2,32,1
1052,1,30,2,32,1
1053,2,30,8,38,2
1054,2,30,8,38,1
1055,2,30,2,32,5
1056,1,30,5,35,1
1057,1,30,1,31,6
1058,2,30,3,33,1
1059,2,30,9,39,1
1060,2,30,7,37,2
1061,2,30,5,35,6
1062,2,30,9,39,6
1063,2,30,0,30,2
1064,2,30,7,37,1
1065,2,30,7,37,3
1066,2,30,9,39,2
1067,2,30,7,37,2
1068,2,30,2,32,2
1069,1,30,5,35,1
1070,1,30,6,36,5
1071,1,30,5,35,3
1072,2,30,5,35,3
1073,2,30,1,31,4
1074,1,30,7,37,3
1075,2,30,2,32,1
1076,1,30,7,37,1
1077,2,30,7,37,1
1078,2,30,9,39,3
1079,2,30,0,30,4
1080,2,30,8,38,5
1081,2,30,1,31,2
1082,2,30,4,34,5
1083,1,30,3,33,1
1084,2,30,1,31,5
1085,1,30,2,32,3
1086,2,30,7,37,2
1087,2,30,7,37,4
1088,2,30,9,39,3
1089,1,30,8,38,2
1090,2,30,4,34,6
1091,2,30,9,39,2
1092,2,30,9,39,2
1093,2,30,5,35,3
1094,2,30,1,31,4
1095,2,30,8,38,5
1096,1,30,8,38,1
1097,2,30,9,39,3
1098,2,30,0,30,3
1099,2,30,1,31,2
1100,2,30,6,36,4
1101,2,30,0,30,2
1102,2,30,6,36,1
1103,2,30,4,34,2
1104,2,30,2,32,4
1105,2,30,4,34,2
1106,2,30,0,30,5
1107,2,30,5,35,4
1108,1,30,6,36,2
1109,2,30,3,33,6
1110,1,30,3,33,4
1111,2,30,1,31,5
1112,1,30,0,30,2
1113,2,30,9,39,6
1114,2,30,4,34,3
1115,2,30,4,34,4
1116,2,30,0,30,1
1117,2,30,4,34,1
1118,2,30,1,31,6
1119,1,30,6,36,5
1120,2,30,9,39,1
1121,1,30,5,35,4
1122,2,30,6,36,4
1123,2,30,5,35,2
1124,2,30,4,34,3
1125,2,30,3,33,6
1126,1,30,5,35,3
1127,2,30,9,39,1
1128,2,30,6,36,6
1129,2,30,3,33,5
1130,2,30,4,34,2
1131,2,30,1,31,3
1132,2,30,0,30,4
1133,2,30,3,33,2
1134,2,30,3,33,3
1135,2,30,7,37,2
1136,2,30,3,33,4
1137,2,30,4,34,3
1138,2,30,2,32,4
1139,2,30,9,39,4
1140,1,30,5,35,1
1141,2,30,6,36,5
1142,2,30,4,34,2
1143,1,30,1,31,2
1144,1,30,9,39,3
1145,1,30,5,35,5
1146,2,30,3,33,4
1147,2,30,3,33,3
1148,1,30,6,36,1
1149,2,30,4,34,6
1150,2,30,3,33,3
1151,2,30,9,39,4
1152,2,30,4,34,5
1153,2,30,2,32,2
1154,1,30,6,36,4
1155,2,30,5,35,4
1156,2,30,5,35,4
1157,1,30,1,31,6
1158,1,30,7,37,3
1159,1,30,3,33,1
1160,1,30,0,30,5
1161,1,30,2,32,4
1162,2,30,2,32,5
1163,2,30,8,38,5
1164,1,30,2,32,2
1165,2,30,5,35,4
1166,2,30,5,35,4
1167,2,30,7,37,3
1168,1,30,9,39,6
1169,2,30,3,33,3
1170,2,30,3,33,4
1171,2,30,5,35,6
1172,2,30,9,39,4
1173,2,30,6,36,2
1174,2,30,9,39,3
1175,2,30,8,38,2
1176,2,30,1,31,1
1177,1,30,2,32,4
1178,2,30,9,39,2
1179,2,30,6,36,3
1180,2,30,0,30,1
1181,1,30,3,33,3
1182,2,30,7,37,4
1183,2,30,8,38,1
1184,2,30,2,32,3
1185,2,30,2,32,4
1186,2,30,6,36,4
1187,2,30,1,31,4
1188,2,30,5,35,2
1189,2,30,8,38,3
1190,2,30,8,38,3
1191,2,30,0,30,2
1192,2,30,3,33,5
1193,2,30,9,39,6
1194,1,30,8,38,4
1195,1,30,3,33,1
1196,2,30,2,32,4
1197,2,30,2,32,3
1198,1,30,0,30,4
1199,1,30,1,31,3
1200,1,30,1,31,1
1201,1,30,6,36,3
1202,1,30,0,30,3
1203,2,30,6,36,5
1204,2,30,9,39,4
1205,2,30,1,31,1
1206,2,30,1,31,2
1207,1,30,8,38,2
1208,2,30,3,33,2
1209,2,30,9,39,1
1210,2,30,8,38,5
1211,2,30,7,37,3
1212,2,30,4,34,4
1213,2,30,5,35,4
1214,2,30,4,34,2
1215,2,30,2,32,1
1216,1,30,0,30,3
1217,2,30,4,34,4
1218,2,30,0,30,2
1219,1,30,9,39,1
1220,1,30,4,34,4
1221,2,30,3,33,5
1222,2,30,7,37,3
1223,2,30,3,33,2
1224,2,30,3,33,5
1225,2,30,8,38,6
1226,1,30,7,37,1
1227,1,30,8,38,6
1228,2,30,3,33,2
1229,1,30,1,31,2
1230,2,30,0,30,2
1231,2,30,5,35,1
1232,1,30,7,37,6
1233,2,30,6,36,3
1234,2,30,5,35,4
1235,2,30,7,37,3
1236,1,30,8,38,4
1237,2,30,1,31,3
1238,1,30,8,38,1
1239,2,30,1,31,4
1240,1,30,4,34,3
1241,2,30,9,39,4
1242,2,30,6,36,5
1243,2,30,8,38,3
1244,2,30,9,39,4
1245,2,30,8,38,3
1246,2,30,8,38,2
1247,2,30,9,39,6
1248,1,30,8,38,2
1249,2,30,4,34,3
1250,1,30,6,36,3
1251,2,30,6,36,4
1252,2,30,8,38,5
1253,1,30,6,36,1
1254,1,30,5,35,5
1255,1,30,6,36,5
1256,2,30,9,39,1
1257,1,30,0,30,2
1258,1,30,7,37,4
1259,1,30,5,35,3
1260,2,30,7,37,3
1261,2,30,0,30,3
1262,2,30,7,37,4
1263,2,30,7,37,1
1264,2,30,6,36,1
1265,1,30,4,34,1
1266,2,30,9,39,3
1267,1,30,8,38,1
1268,2,30,6,36,2
1269,2,30,9,39,2
1270,2,30,1,31,1
1271,2,30,9,39,6
1272,1,30,9,39,4
1273,2,30,5,35,5
1274,2,30,3,33,1
1275,2,30,2,32,4
1276,1,30,0,30,2
1277,2,30,2,32,2
1278,1,30,2,32,1
1279,2,30,9,39,2
1280,2,30,2,32,2
1281,1,30,9,39,3
1282,1,30,9,39,1
1283,2,30,3,33,2
1284,1,30,7,37,5
1285,1,30,7,37,4
1286,2,30,8,38,1
1287,2,30,6,36,2
1288,2,30,8,38,3
1289,2,30,1,31,2
1290,1,30,6,36,3
1291,1,30,8,38,5
1292,2,30,9,39,1
1293,1,30,8,38,3
1294,1,30,7,37,6
1295,1,30,8,38,1
1296,2,30,7,37,3
1297,2,30,0,30,2
1298,2,30,1,31,4
1299,1,30,7,37,2
1300,1,30,2,32,1
1301,1,30,4,34,1
1302,2,30,5,35,1
1303,2,30,3,33,1
1304,2,30,9,39,1
1305,1,30,5,35,3
1306,2,30,7,37,3
1307,2,30,4,34,2
1308,2,30,7,37,4
1309,2,30,4,34,2
1310,1,30,2,32,5
1311,2,30,3,33,4
1312,1,30,2,32,1
1313,2,30,2,32,4
1314,2,30,1,31,2
1315,2,30,5,35,6
1316,2,30,8,38,3
1317,1,30,5,35,3
1318,2,30,9,39,3
1319,1,30,7,37,1
1320,2,30,3,33,3
1321,2,30,8,38,1
1322,1,30,1,31,2
1323,2,30,2,32,1
1324,2,30,1,31,1
1325,2,30,7,37,1
1326,2,30,0,30,5
1327,1,30,1,31,2
1328,1,30,8,38,4
1329,2,30,1,31,5
1330,2,30,9,39,1
1331,2,30,7,37,2
1332,1,30,6,36,6
1333,2,30,7,37,4
1334,2,30,5,35,3
1335,2,30,8,38,2
1336,1,30,2,32,4
1337,2,30,3,33,6
1338,1,30,0,30,2
1339,2,30,0,30,4
1340,2,30,0,30,2
1341,2,30,4,34,4
1342,2,30,1,31,1
1343,2,30,9,39,6
1344,2,30,6,36,3
1345,2,30,5,35,3
1346,1,30,8,38,3
1347,2,30,4,34,5
1348,2,30,2,32,3
1349,2,30,3,33,5
1350,2,30,4,34,4
1351,2,30,0,30,2
1352,2,30,7,37,1
1353,1,30,6,36,3
1354,1,30,0,30,2
1355,2,30,4,34,2
1356,2,30,0,30,2
1357,2,30,8,38,2
1358,2,30,0,30,1
1359,2,30,7,37,2
1360,2,30,9,39,5
1361,2,30,3,33,2
1362,2,30,3,33,5
1363,2,30,4,34,4
1364,1,30,2,32,3
1365,2,30,8,38,1
1366,1,30,5,35,2
1367,1,30,7,37,6
1368,1,30,6,36,3
1369,2,30,5,35,4
1370,1,30,1,31,3
1371,2,30,4,34,2
1372,1,30,7,37,4
1373,2,30,2,32,2
1374,2,30,9,39,4
1375,1,30,2,32,3
1376,2,30,3,33,2
1377,2,30,4,34,4
1378,2,30,8,38,4
1379,2,30,7,37,1
1380,1,30,4,34,4
1381,1,30,6,36,1
1382,1,30,4,34,2
1383,2,30,9,39,5
1384,1,30,3,33,4
1385,2,30,1,31,1
1386,2,30,6,36,4
1387,1,30,9,39,1
1388,1,30,2,32,1
1389,1,30,1,31,1
1390,2,30,0,30,2
1391,2,30,2,32,1
1392,2,30,8,38,3
1393,2,30,3,33,3
1394,2,30,3,33,4
1395,2,30,8,38,5
1396,2,30,7,37,2
1397,1,30,7,37,3
1398,2,30,0,30,1
1399,2,30,1,31,2
1400,2,30,4,34,4
1401,2,30,2,32,1
1402,2,30,7,37,3
1403,2,30,3,33,4
1404,1,30,7,37,2
1405,1,30,4,34,3
1406,1,30,0,30,3
1407,1,30,8,38,3
1408,2,30,6,36,1
1409,1,30,5,35,3
1410,1,30,2,32,1
1411,2,30,3,33,2
1412,1,30,1,31,2
1413,2,30,1,31,6
1414,2,30,1,31,3
1415,2,30,1,31,3
1416,1,30,9,39,3
1417,2,30,6,36,5
1418,2,30,5,35,1
1419,2,30,9,39,2
1420,2,30,0,30,3
1421,2,30,1,31,4
1422,2,30,2,32,1
1423,2,30,5,35,3
1424,2,30,5,35,3
1425,2,30,7,37,2
1426,2,30,7,37,3
1427,1,30,3,33,2
1428,2,30,6,36,1
1429,1,30,2,32,2
1430,1,30,4,34,6
1431,2,30,2,32,5
1432,2,30,5,35,6
1433,2,30,0,30,6
1434,2,30,1,31,4
1435,1,30,9,39,1
1436,1,30,1,31,3
1437,2,30,0,30,1
1438,2,30,0,30,4
1439,2,30,5,35,4
1440,1,30,7,37,6
1441,2,30,0,30,6
1442,2,30,3,33,3
1443,2,30,8,38,3
1444,2,30,4,34,2
1445,1,30,3,33,2
1446,2,30,0,30,1
1447,2,30,1,31,3
1448,2,30,6,36,2
1449,2,30,1,31,3
1450,2,30,6,36,2
1451,2,30,4,34,1
1452,2,30,7,37,2
1453,1,30,7,37,1
1454,2,30,5,35,3
1455,2,30,7,37,4
1456,1,30,8,38,2
1457,2,30,9,39,2
1458,2,30,3,33,1
1459,2,30,5,35,1
1460,2,30,3,33,4
1461,2,30,1,31,3
1462,1,30,2,32,3
1463,2,30,6,36,3
1464,1,30,9,39,1
1465,2,30,7,37,4
1466,2,30,6,36,4
1467,2,30,8,38,3
1468,1,30,7,37,3
1469,2,30,7,37,2
1470,1,30,9,39,4
1471,2,30,4,34,3
1472,2,30,1,31,1
1473,2,30,1,31,2
1474,1,30,2,32,6
1475,1,30,4,34,6
1476,2,30,3,33,3
1477,2,30,0,30,1
1478,2,30,3,33,5
1479,2,30,4,34,6
1480,2,30,0,30,1
1481,2,30,3,33,2
1482,2,30,6,36,1
1483,2,30,1,31,3
1484,2,30,0,30,6
1485,2,30,2,32,3
1486,2,30,7,37,3
1487,2,30,0,30,1
1488,2,30,2,32,1
1489,2,30,9,39,3
1490,2,30,4,34,2
1491,2,30,8,38,3
1492,1,30,8,38,2
1493,2,30,5,35,1
1494,2,30,1,31,1
1495,1,30,6,36,4
1496,2,30,0,30,1
1497,2,30,6,36,6
1498,2,30,9,39,5
1499,2,30,4,34,4
1500,2,30,2,32,1
1501,1,30,9,39,2
1502,2,30,2,32,2
1503,2,30,9,39,4
1504,2,30,8,38,2
1505,2,30,6,36,3
1506,2,30,0,30,4
1507,2,30,5,35,4
1508,2,30,8,38,1
1509,1,30,4,34,1
1510,1,30,4,34,3
1511,2,30,9,39,3
1512,1,30,7,37,3
1513,2,30,6,36,4
1514,2,30,5,35,2
1515,2,30,3,33,3
1516,2,30,1,31,3
1517,1,30,0,30,1
1518,1,30,6,36,4
1519,2,30,4,34,3
1520,2,30,7,37,3
1521,1,30,7,37,5
1522,2,30,5,35,3
1523,2,30,4,34,3
1524,1,30,1,31,2
1525,2,30,9,39,6
1526,2,30,0,30,1
1527,1,30,1,31,1
1528,2,30,5,35,1
1529,2,30,2,32,1
1530,2,30,7,37,4
1531,2,30,6,36,6
1532,2,30,0,30,3
1533,2,30,2,32,3
1534,1,30,5,35,1
1535,2,30,5,35,4
1536,2,30,2,32,2
1537,1,30,4,34,1
1538,2,30,4,34,1
1539,2,30,8,38,1
1540,1,30,2,32,4
1541,2,30,1,31,4
1542,2,30,6,36,2
1543,2,30,1,31,1
1544,2,30,9,39,3
1545,2,30,1,31,2
1546,1,30,3,33,3
1547,2,30,6,36,4
1548,2,30,3,33,1
1549,1,30,2,32,1
1550,2,30,1,31,3
1551,2,30,1,31,6
1552,2,30,1,31,3
1553,2,30,8,38,2
1554,2,30,4,34,4
1555,2,30,6,36,5
1556,1,30,8,38,6
1557,2,30,2,32,5
1558,1,30,3,33,1
1559,2,30,6,36,4
1560,1,30,4,34,5
1561,2,30,3,33,1
1562,2,30,9,39,2
1563,2,30,1,31,5
1564,2,30,6,36,2
1565,2,30,3,33,1
1566,2,30,2,32,2
1567,2,30,0,30,1
1568,2,30,8,38,2
1569,2,30,3,33,1
1570,1,30,9,39,5
1571,1,30,6,36,2
1572,2,30,4,34,1
1573,2,30,0,30,2
1574,2,30,9,39,1
1575,1,30,5,35,1
1576,1,30,9,39,4
1577,2,30,4,34,5
1578,2,30,3,33,2
1579,2,30,5,35,2
1580,2,30,2,32,6
1581,2,30,4,34,5
1582,2,30,4,34,2
1583,2,30,4,34,4
1584,1,30,6,36,2
1585,2,30,9,39,3
1586,2,30,8,38,1
1587,2,30,8,38,6
1588,1,30,1,31,3
1589,1,30,5,35,1
1590,2,30,5,35,2
1591,1,30,4,34,3
1592,2,30,7,37,4
1593,2,30,1,31,2
1594,2,30,8,38,2
1595,2,30,0,30,4
1596,1,30,3,33,3
1597,2,30,5,35,4
1598,2,30,2,32,5
1599,2,30,2,32,2
1600,2,30,5,35,3
1601,1,30,1,31,5
1602,1,30,5,35,1
1603,1,30,5,35,3
1604,2,30,6,36,3
1605,2,30,9,39,1
1606,2,30,1,31,4
1607,2,30,7,37,1
1608,1,30,7,37,3
1609,2,30,9,39,1
1610,2,30,1,31,5
1611,2,30,0,30,2
1612,2,30,0,30,6
1613,2,30,2,32,1
1614,2,30,2,32,3
1615,2,30,0,30,2
1616,2,30,5,35,4
1617,1,30,6,36,2
1618,1,30,2,32,1
1619,1,30,2,32,2
1620,2,30,7,37,5
1621,1,30,6,36,1
1622,2,30,4,34,3
1623,2,30,9,39,5
1624,2,30,4,34,2
1625,2,30,0,30,1
1626,2,30,8,38,6
1627,1,30,5,35,3
1628,1,30,1,31,4
1629,2,30,7,37,4
1630,2,30,0,30,4
1631,2,30,9,39,2
1632,2,30,5,35,3
1633,2,30,6,36,3
1634,2,30,0,30,1
1635,2,30,7,37,3
1636,2,30,8,38,3
1637,1,30,0,30,2
1638,1,30,8,38,3
1639,1,30,8,38,4
1640,1,30,6,36,2
1641,1,30,6,36,6
1642,1,30,3,33,4
1643,2,30,5,35,4
1644,2,30,4,34,3
1645,2,30,0,30,1
1646,1,30,7,37,3
1647,1,30,8,38,4
1648,1,30,3,33,2
1649,1,30,8,38,4
1650,2,30,7,37,4
1651,2,30,3,33,1
1652,2,30,7,37,1
1653,1,30,0,30,6
1654,2,30,6,36,3
1655,2,30,6,36,2
1656,2,30,2,32,2
1657,2,30,5,35,3
1658,2,30,6,36,2
1659,2,30,0,30,2
1660,2,30,9,39,4
1661,2,30,2,32,5
1662,1,30,7,37,1
1663,2,30,4,34,3
1664,2,30,0,30,1
1665,1,30,8,38,3
1666,2,30,5,35,1
1667,1,30,7,37,5
1668,2,30,2,32,5
1669,2,30,3,33,4
1670,1,30,2,32,2
1671,1,30,1,31,2
1672,2,30,4,34,6
1673,2,30,3,33,1
1674,1,30,1,31,4
1675,2,30,2,32,2
1676,2,30,7,37,3
1677,1,30,2,32,2
1678,2,30,8,38,1
1679,1,30,9,39,5
1680,2,30,9,39,5
1681,1,30,6,36,6
1682,2,30,5,35,1
1683,2,30,6,36,1
1684,2,30,1,31,1
1685,2,30,8,38,2
1686,2,30,3,33,3
1687,1,30,5,35,4
1688,1,30,9,39,4
1689,2,30,6,36,3
1690,2,30,1,31,3
1691,2,30,2,32,3
1692,2,30,5,35,1
1693,2,30,4,34,4
1694,2,30,3,33,1
1695,1,30,6,36,1
1696,1,30,3,33,2
1697,2,30,1,31,1
1698,2,30,4,34,4
1699,2,30,5,35,4
1700,2,30,6,36,6
1701,2,30,9,39,2
1702,1,30,9,39,3
1703,1,30,6,36,2
1704,1,30,1,31,1
1705,2,30,5,35,1
1706,2,30,1,31,1
1707,2,30,5,35,2
1708,1,30,7,37,3
1709,1,30,0,30,3
1710,2,30,6,36,6
1711,2,30,1,31,5
1712,2,30,2,32,3
1713,1,30,2,32,2
1714,2,30,4,34,3
1715,2,30,7,37,6
1716,2,30,5,35,1
1717,2,30,3,33,4
1718,2,30,1,31,2
1719,2,30,2,32,3
1720,2,30,9,39,3
1721,2,30,3,33,2
1722,1,30,0,30,3
1723,2,30,4,34,1
1724,1,30,2,32,1
1725,1,30,4,34,3
1726,1,30,9,39,1
1727,2,30,4,34,3
1728,2,30,7,37,5
1729,2,30,2,32,2
1730,2,30,1,31,3
1731,2,30,5,35,4
1732,2,30,8,38,1
1733,2,30,3,33,4
1734,1,30,5,35,3
1735,1,30,2,32,1
1736,1,30,7,37,2
1737,2,30,6,36,1
1738,2,30,0,30,3
1739,2,30,7,37,2
1740,2,30,9,39,1
1741,1,30,2,32,1
1742,2,30,9,39,3
1743,2,30,9,39,2
1744,2,30,3,33,4
1745,1,30,8,38,1
1746,2,30,4,34,3
1747,2,30,9,39,2
1748,2,30,8,38,3
1749,1,30,9,39,1
1750,1,30,7,37,3
1751,1,30,5,35,1
1752,2,30,1,31,1
1753,2,30,4,34,3
1754,2,30,2,32,3
1755,2,30,8,38,3
1756,2,30,4,34,4
1757,2,30,2,32,6
1758,2,30,8,38,2
1759,1,30,0,30,6
1760,2,30,5,35,4
1761,2,30,1,31,3
1762,1,30,7,37,1
1763,1,30,0,30,1
1764,1,30,9,39,6
1765,2,30,4,34,3
1766,2,30,1,31,1
1767,2,30,2,32,6
1768,1,30,0,30,3
1769,1,30,1,31,5
1770,1,30,5,35,4
1771,2,30,7,37,1
1772,2,30,1,31,4
1773,1,30,1,31,1
1774,1,30,1,31,1
1775,1,30,4,34,5
1776,2,30,2,32,4
1777,2,30,7,37,3
1778,2,30,2,32,2
1779,2,30,5,35,3
1780,2,30,8,38,1
1781,2,30,7,37,4
1782,2,30,1,31,3
1783,2,30,5,35,5
1784,2,30,6,36,2
1785,1,30,2,32,1
1786,2,30,2,32,2
1787,2,30,4,34,1
1788,2,30,7,37,4
1789,2,30,4,34,3
1790,2,30,5,35,1
1791,2,30,6,36,1
1792,2,30,6,36,2
1793,2,30,8,38,3
1794,2,30,0,30,1
1795,2,30,5,35,3
1796,2,30,9,39,4
1797,2,30,0,30,1
1798,2,30,5,35,3
1799,2,30,7,37,6
1800,2,30,5,35,4
1801,2,30,9,39,1
1802,1,30,1,31,5
1803,2,30,9,39,2
1804,2,30,0,30,3
1805,2,30,4,34,4
1806,1,30,7,37,2
1807,2,30,1,31,1
1808,2,30,0,30,4
1809,2,30,6,36,4
1810,1,30,5,35,3
1811,2,30,0,30,4
1812,2,30,8,38,2
1813,1,30,4,34,4
1814,1,30,5,35,2
1815,1,30,5,35,2
1816,1,30,2,32,3
1817,2,30,7,37,4
1818,2,30,2,32,3
1819,1,30,2,32,1
1820,2,30,0,30,1
1821,2,30,9,39,2
1822,2,30,2,32,2
1823,1,30,7,37,3
1824,1,30,3,33,2
1825,1,30,0,30,5
1826,2,30,8,38,1
1827,1,30,4,34,3
1828,2,30,6,36,2
1829,1,30,2,32,4
1830,2,30,4,34,2
1831,2,30,9,39,2
1832,2,30,5,35,5
1833,2,30,6,36,6
1834,1,30,4,34,5
1835,2,30,9,39,2
1836,1,30,9,39,5
1837,2,30,9,39,4
1838,1,30,4,34,1
1839,1,30,3,33,2
1840,2,30,5,35,2
1841,1,30,7,37,1
1842,1,30,8,38,2
1843,2,30,5,35,4
1844,2,30,0,30,1
1845,2,30,1,31,1
1846,2,30,4,34,3
1847,2,30,5,35,2
1848,1,30,9,39,1
1849,2,30,8,38,2
1850,1,30,0,30,6
1851,2,30,1,31,3
1852,1,30,7,37,3
1853,2,30,3,33,6
1854,1,30,7,37,2
1855,1,30,7,37,1
1856,2,30,8,38,5
1857,2,30,5,35,6
1858,1,30,7,37,6
1859,2,30,0,30,3
1860,1,30,2,32,3
1861,2,30,3,33,3
1862,2,30,8,38,1
1863,2,30,7,37,3
1864,2,30,2,32,2
1865,2,30,2,32,1
1866,1,30,4,34,4
1867,2,30,8,38,3
1868,2,30,1,31,4
1869,2,30,1,31,1
1870,1,30,7,37,4
1871,1,30,7,37,2
1872,1,30,5,35,1
1873,1,30,4,34,4
1874,1,30,1,31,5
1875,1,30,1,31,6
1876,2,30,3,33,1
1877,2,30,4,34,2
1878,2,30,4,34,2
1879,2,30,8,38,3
1880,1,30,4,34,3
1881,2,30,4,34,4
1882,1,30,7,37,2
1883,2,30,9,39,1
1884,1,30,6,36,1
1885,1,30,5,35,1
1886,2,30,6,36,6
1887,2,30,3,33,2
1888,2,30,5,35,6
1889,2,30,4,34,1
1890,2,30,9,39,1
1891,2,30,0,30,5
1892,2,30,7,37,3
1893,2,30,0,30,2
1894,2,30,5,35,3
1895,2,30,5,35,3
1896,2,30,9,39,1
1897,2,30,0,30,3
1898,2,30,5,35,2
1899,1,30,7,37,1
1900,2,30,9,39,4
1901,2,30,5,35,2
1902,1,30,0,30,1
1903,1,30,8,38,4
1904,2,30,2,32,2
1905,2,30,1,31,4
1906,2,30,8,38,3
1907,2,30,3,33,1
1908,2,30,7,37,2
1909,2,30,0,30,2
1910,2,30,0,30,5
1911,2,30,4,34,2
1912,2,30,4,34,2
1913,2,30,4,34,2
1914,2,30,8,38,1
1915,2,30,1,31,2
1916,2,30,4,34,4
1917,2,30,4,34,5
1918,2,30,4,34,1
1919,1,30,6,36,5
1920,2,30,6,36,3
1921,1,30,9,39,2
1922,2,30,3,33,2
1923,2,30,2,32,2
1924,2,30,2,32,5
1925,2,30,0,30,1
1926,2,30,9,39,2
1927,1,30,5,35,5
1928,1,30,3,33,1
1929,1,30,5,35,2
1930,1,30,4,34,3
1931,2,30,7,37,2
1932,2,30,2,32,2
1933,1,30,6,36,1
1934,2,30,9,39,4
1935,2,30,7,37,1
1936,1,30,6,36,1
1937,2,30,7,37,4
1938,1,30,1,31,5
1939,1,30,1,31,2
1940,2,30,1,31,6
1941,2,30,4,34,1
1942,2,30,0,30,2
1943,2,30,6,36,3
1944,2,30,0,30,6
1945,2,30,5,35,1
1946,2,30,5,35,3
1947,2,30,5,35,1
1948,2,30,7,37,4
1949,1,30,1,31,3
1950,2,30,4,34,2
1951,1,30,2,32,6
1952,1,30,9,39,4
1953,2,30,3,33,3
1954,1,30,4,34,4
1955,1,30,2,32,1
1956,2,30,4,34,2
1957,2,30,2,32,4
1958,2,30,5,35,3
1959,2,30,1,31,4
1960,2,30,7,37,3
1961,2,30,4,34,2
1962,2,30,8,38,3
1963,2,30,4,34,6
1964,2,30,6,36,6
1965,2,30,8,38,6
1966,2,30,9,39,2
1967,2,30,7,37,4
1968,2,30,9,39,5
1969,2,30,2,32,1
1970,2,30,4,34,3
1971,1,30,7,37,5
1972,2,30,1,31,3
1973,1,30,0,30,6
1974,2,30,5,35,3
1975,1,30,7,37,3
1976,1,30,3,33,4
1977,2,30,8,38,4
1978,2,30,6,36,4
1979,1,30,9,39,4
1980,2,30,5,35,3
1981,2,30,0,30,1
1982,1,30,9,39,6
1983,2,30,7,37,4
1984,2,30,6,36,2
1985,2,30,2,32,3
1986,2,30,5,35,2
1987,1,30,4,34,5
1988,2,30,9,39,3
1989,1,30,6,36,2
1990,2,30,1,31,3
1991,1,30,6,36,3
1992,1,30,6,36,5
1993,1,30,2,32,2
1994,1,30,9,39,4
1995,2,30,0,30,2
1996,2,30,3,33,2
1997,1,30,8,38,6
1998,2,30,0,30,1
1999,2,30,8,38,4
2000,2,30,2,32,2
2001,2,40,1,41,1
2002,2,40,7,47,5
2003,2,40,4,44,1
2004,2,40,5,45,4
2005,2,40,5,45,2
2006,1,40,9,49,2
2007,2,40,3,43,3
2008,2,40,7,47,6
2009,2,40,7,47,1
2010,2,40,0,40,4
2011,2,40,2,42,1
2012,2,40,1,41,5
2013,2,40,8,48,4
2014,2,40,6,46,2
2015,2,40,4,44,5
2016,1,40,6,46,2
2017,2,40,0,40,1
2018,2,40,7,47,1
2019,1,40,5,45,1
2020,1,40,9,49,4
2021,1,40,7,47,3
2022,2,40,2,42,3
2023,2,40,6,46,1
2024,2,40,7,47,2
2025,2,40,8,48,2
2026,1,40,9,49,4
2027,2,40,1,41,6
2028,1,40,3,43,1
2029,2,40,5,45,3
2030,1,40,1,41,2
2031,1,40,8,48,6
2032,1,40,3,43,3
2033,2,40,6,46,2
2034,2,40,8,48,4
2035,2,40,0,40,6
2036,2,40,2,42,1
2037,2,40,7,47,2
2038,1,40,5,45,2
2039,2,40,4,44,2
2040,1,40,7,47,4
2041,2,40,5,45,1
2042,2,40,5,45,2
2043,2,40,3,43,1
2044,2,40,2,42,2
2045,1,40,1,41,1
2046,2,40,6,46,3
2047,2,40,4,44,5
2048,2,40,6,46,1
2049,1,40,6,46,3
2050,2,40,2,42,1
2051,2,40,3,43,2
2052,1,40,3,43,5
2053,1,40,4,44,6
2054,2,40,9,49,4
2055,1,40,3,43,2
2056,2,40,6,46,3
2057,2,40,5,45,5
2058,1,40,9,49,3
2059,1,40,1,41,5
2060,2,40,5,45,5
2061,2,40,9,49,4
2062,1,40,0,40,3
2063,2,40,5,45,1
2064,2,40,3,43,3
2065,2,40,1,41,2
2066,2,40,3,43,2
2067,2,40,2,42,3
2068,2,40,6,46,2
2069,2,40,5,45,1
2070,2,40,0,40,1
2071,2,40,3,43,2
2072,2,40,5,45,1
2073,2,40,8,48,1
2074,2,40,5,45,2
2075,2,40,5,45,1
2076,1,40,4,44,1
2077,1,40,0,40,1
2078,2,40,6,46,4
2079,2,40,9,49,3
2080,2,40,2,42,3
2081,2,40,2,42,3
2082,2,40,2,42,1
2083,1,40,7,47,2
2084,2,40,4,44,4
2085,1,40,7,47,4
2086,2,40,5,45,1
2087,2,40,3,43,6
2088,1,40,6,46,1
2089,2,40,7,47,2
2090,2,40,8,48,1
2091,2,40,5,45,2
2092,2,40,5,45,2
2093,2,40,6,46,1
2094,2,40,9,49,3
2095,2,40,4,44,4
2096,2,40,9,49,1
2097,2,40,7,47,1
2098,2,40,0,40,2
2099,1,40,6,46,1
2100,2,40,2,42,5
2101,2,40,9,49,5
2102,2,40,2,42,1
2103,2,40,5,45,4
2104,2,40,3,43,2
2105,1,40,4,44,2
2106,2,40,2,42,6
2107,2,40,1,41,1
2108,2,40,4,44,1
2109,1,40,1,41,1
2110,2,40,1,41,2
2111,2,40,4,44,2
2112,2,40,3,43,2
2113,2,40,2,42,2
2114,2,40,2,42,2
2115,2,40,4,44,1
2116,1,40,5,45,1
2117,2,40,6,46,2
2118,1,40,2,42,6
2119,2,40,4,44,4
2120,2,40,2,42,1
2121,2,40,7,47,4
2122,2,40,4,44,3
2123,2,40,6,46,3
2124,1,40,2,42,2
2125,1,40,4,44,2
2126,1,40,8,48,5
2127,1,40,1,41,3
2128,1,40,2,42,3
2129,2,40,5,45,5
2130,2,40,3,43,1
2131,2,40,4,44,3
2132,2,40,3,43,4
2133,1,40,8,48,5
2134,2,40,7,47,1
2135,2,40,9,49,3
2136,2,40,8,48,2
2137,2,40,9,49,6
2138,2,40,0,40,3
2139,2,40,9,49,3
2140,2,40,7,47,2
2141,2,40,3,43,4
2142,2,40,9,49,6
2143,1,40,1,41,3
2144,1,40,1,41,1
2145,2,40,8,48,2
2146,2,40,8,48,5
2147,2,40,3,43,2
2148,1,40,5,45,6
2149,1,40,6,46,1
2150,2,40,6,46,1
2151,1,40,9,49,1
2152,2,40,8,48,1
2153,2,40,8,48,1
2154,1,40,4,44,2
2155,2,40,0,40,1
2156,2,40,3,43,2
2157,1,40,1,41,3
2158,1,40,4,44,3
2159,2,40,0,40,1
2160,1,40,9,49,4
2161,2,40,0,40,1
2162,1,40,1,41,3
2163,2,40,7,47,1
2164,2,40,8,48,2
2165,2,40,8,48,2
2166,2,40,5,45,1
2167,2,40,9,49,6
2168,1,40,3,43,5
2169,1,40,3,43,1
2170,2,40,2,42,5
2171,2,40,7,47,2
2172,2,40,5,45,2
2173,2,40,5,45,2
2174,1,40,2,42,1
2175,2,40,2,42,4
2176,2,40,3,43,2
2177,1,40,7,47,4
2178,2,40,9,49,1
2179,2,40,2,42,1
2180,1,40,9,49,3
2181,2,40,4,44,1
2182,1,40,8,48,3
2183,2,40,9,49,2
2184,1,40,2,42,2
2185,2,40,0,40,3
2186,2,40,8,48,3
2187,1,40,1,41,6
2188,2,40,6,46,3
2189,2,40,9,49,1
2190,2,40,6,46,1
2191,1,40,1,41,5
2192,2,40,9,49,3
2193,2,40,9,49,1
2194,2,40,1,41,2
2195,2,40,1,41,1
2196,2,40,7,47,2
2197,2,40,9,49,1
2198,2,40,3,43,3
2199,2,40,0,40,3
2200,1,40,8,48,3
2201,1,40,0,40,3
2202,2,40,8,48,4
2203,2,40,9,49,2
2204,2,40,5,45,2
2205,2,40,3,43,2
2206,2,40,3,43,1
2207,1,40,6,46,1
2208,2,40,1,41,6
2209,1,40,2,42,1
2210,2,40,9,49,4
2211,2,40,7,47,3
2212,2,40,4,44,3
2213,1,40,1,41,1
2214,2,40,1,41,4
2215,2,40,2,42,5
2216,2,40,0,40,2
2217,1,40,6,46,1
2218,1,40,7,47,2
2219,1,40,2,42,6
2220,2,40,0,40,2
2221,2,40,9,49,1
2222,2,40,0,40,6
2223,2,40,9,49,1
2224,1,40,2,42,3
2225,1,40,5,45,2
2226,2,40,7,47,6
2227,1,40,3,43,6
2228,1,40,2,42,6
2229,2,40,0,40,5
2230,2,40,0,40,3
2231,2,40,1,41,3
2232,1,40,4,44,1
2233,2,40,5,45,1
2234,2,40,1,41,2
2235,2,40,9,49,2
2236,2,40,7,47,6
2237,2,40,0,40,2
2238,2,40,9,49,2
2239,2,40,7,47,3
2240,2,40,3,43,1
2241,2,40,1,41,1
2242,2,40,4,44,6
2243,2,40,8,48,3
2244,2,40,9,49,1
2245,2,40,0,40,1
2246,2,40,4,44,1
2247,1,40,9,49,1
2248,1,40,4,44,3
2249,2,40,7,47,4
2250,2,40,7,47,5
2251,2,40,0,40,2
2252,2,40,6,46,5
2253,1,40,7,47,2
2254,2,40,1,41,2
2255,2,40,3,43,1
2256,2,40,4,44,2
2257,1,40,2,42,5
2258,2,40,7,47,2
2259,1,40,5,45,3
2260,2,40,2,42,3
2261,2,40,0,40,1
2262,1,40,4,44,6
2263,2,40,6,46,1
2264,2,40,7,47,3
2265,2,40,7,47,1
2266,2,40,5,45,5
2267,2,40,3,43,3
2268,2,40,4,44,3
2269,2,40,3,43,5
2270,2,40,8,48,1
2271,2,40,3,43,1
2272,2,40,1,41,2
2273,2,40,6,46,2
2274,2,40,8,48,2
2275,2,40,5,45,3
2276,2,40,7,47,4
2277,2,40,1,41,4
2278,2,40,8,48,1
2279,2,40,5,45,3
2280,1,40,6,46,1
2281,2,40,3,43,2
2282,2,40,7,47,1
2283,2,40,7,47,2
2284,2,40,4,44,5
2285,2,40,4,44,2
2286,1,40,0,40,3
2287,2,40,4,44,2
2288,2,40,8,48,3
2289,2,40,2,42,1
2290,2,40,0,40,5
2291,2,40,9,49,2
2292,1,40,1,41,1
2293,2,40,5,45,2
2294,1,40,4,44,2
2295,2,40,4,44,3
2296,2,40,4,44,3
2297,2,40,0,40,3
2298,2,40,5,45,3
2299,2,40,0,40,1
2300,2,40,5,45,2
2301,2,40,5,45,5
2302,1,40,5,45,1
2303,2,40,0,40,2
2304,1,40,9,49,2
2305,2,40,3,43,1
2306,2,40,6,46,6
2307,1,40,5,45,2
2308,1,40,5,45,1
2309,2,40,2,42,1
2310,2,40,1,41,4
2311,2,40,0,40,1
2312,1,40,1,41,6
2313,1,40,4,44,1
2314,1,40,6,46,1
2315,2,40,6,46,3
2316,2,40,4,44,5
2317,2,40,4,44,1
2318,2,40,9,49,3
2319,1,40,3,43,5
2320,2,40,4,44,6
2321,1,40,6,46,1
2322,1,40,0,40,6
2323,1,40,8,48,3
2324,1,40,4,44,3
2325,2,40,4,44,1
2326,1,40,6,46,2
2327,1,40,7,47,4
2328,2,40,7,47,1
2329,2,40,0,40,1
2330,2,40,1,41,1
2331,2,40,1,41,5
2332,2,40,5,45,1
2333,2,40,2,42,1
2334,1,40,6,46,1
2335,2,40,5,45,6
2336,1,40,7,47,1
2337,2,40,0,40,1
2338,2,40,6,46,6
2339,2,40,4,44,5
2340,2,40,1,41,6
2341,2,40,4,44,2
2342,1,40,3,43,1
2343,2,40,6,46,6
2344,2,40,4,44,2
2345,1,40,0,40,2
2346,2,40,0,40,3
2347,1,40,3,43,3
2348,2,40,2,42,1
2349,1,40,1,41,3
2350,2,40,3,43,4
2351,2,40,1,41,2
2352,2,40,5,45,1
2353,1,40,4,44,2
2354,1,40,0,40,5
2355,2,40,4,44,2
2356,2,40,6,46,1
2357,2,40,0,40,1
2358,1,40,4,44,2
2359,1,40,0,40,1
2360,2,40,5,45,5
2361,1,40,7,47,3
2362,2,40,2,42,3
2363,1,40,4,44,4
2364,2,40,5,45,6
2365,2,40,6,46,1
2366,1,40,7,47,6
2367,2,40,8,48,2
2368,1,40,7,47,3
2369,2,40,2,42,2
2370,2,40,4,44,2
2371,2,40,6,46,1
2372,1,40,3,43,1
2373,2,40,0,40,3
2374,2,40,0,40,3
2375,2,40,0,40,6
2376,2,40,7,47,1
2377,2,40,2,42,4
2378,1,40,0,40,3
2379,1,40,5,45,3
2380,2,40,8,48,4
2381,1,40,7,47,3
2382,2,40,2,42,5
2383,2,40,8,48,3
2384,2,40,5,45,2
2385,2,40,1,41,4
2386,2,40,0,40,4
2387,1,40,4,44,1
2388,2,40,0,40,1
2389,2,40,6,46,1
2390,2,40,2,42,3
2391,1,40,3,43,3
2392,2,40,6,46,2
2393,1,40,9,49,1
2394,2,40,1,41,2
2395,2,40,5,45,2
2396,2,40,5,45,2
2397,2,40,0,40,2
2398,2,40,0,40,3
2399,2,40,3,43,3
2400,2,40,5,45,3
2401,2,40,2,42,2
2402,1,40,1,41,3
2403,2,40,0,40,2
2404,2,40,7,47,1
2405,2,40,3,43,4
2406,2,40,4,44,3
2407,2,40,1,41,6
2408,1,40,2,42,1
2409,2,40,5,45,2
2410,2,40,8,48,1
2411,1,40,9,49,1
2412,2,40,8,48,2
2413,2,40,6,46,1
2414,2,40,0,40,3
2415,2,40,2,42,4
2416,1,40,6,46,1
2417,2,40,7,47,5
2418,2,40,9,49,2
2419,2,40,6,46,1
2420,2,40,0,40,1
2421,2,40,5,45,3
2422,2,40,2,42,1
2423,1,40,2,42,2
2424,2,40,3,43,6
2425,2,40,2,42,4
2426,2,40,1,41,4
2427,2,40,2,42,1
2428,2,40,5,45,3
2429,2,40,5,45,1
2430,2,40,7,47,3
2431,2,40,1,41,1
2432,2,40,2,42,2
2433,2,40,5,45,1
2434,2,40,4,44,3
2435,2,40,1,41,6
2436,2,40,4,44,3
2437,2,40,0,40,5
2438,2,40,4,44,5
2439,2,40,1,41,6
2440,2,40,8,48,3
2441,2,40,6,46,1
2442,1,40,6,46,1
2443,1,40,3,43,6
2444,2,40,6,46,1
2445,2,40,6,46,2
2446,2,40,8,48,3
2447,2,40,7,47,5
2448,2,40,8,48,3
2449,2,40,5,45,3
2450,2,40,8,48,3
2451,2,40,2,42,1
2452,2,40,4,44,1
2453,1,40,9,49,1
2454,1,40,4,44,6
2455,1,40,1,41,4
2456,1,40,9,49,2
2457,1,40,3,43,2
2458,2,40,9,49,2
2459,2,40,2,42,3
2460,2,40,3,43,1
2461,2,40,5,45,6
2462,1,40,4,44,2
2463,1,40,9,49,5
2464,2,40,2,42,3
2465,1,40,5,45,3
2466,1,40,5,45,1
2467,2,40,9,49,4
2468,2,40,9,49,3
2469,2,40,7,47,1
2470,2,40,7,47,6
2471,1,40,3,43,1
2472,1,40,5,45,3
2473,2,40,9,49,5
2474,2,40,3,43,2
2475,1,40,8,48,2
2476,1,40,2,42,3
2477,2,40,1,41,1
2478,1,40,2,42,2
2479,2,40,2,42,2
2480,1,40,5,45,1
2481,2,40,6,46,2
2482,2,40,6,46,2
2483,2,40,5,45,5
2484,1,40,2,42,3
2485,1,40,0,40,2
2486,2,40,2,42,6
2487,1,40,7,47,2
2488,1,40,3,43,4
2489,1,40,6,46,2
2490,2,40,6,46,3
2491,1,40,1,41,3
2492,1,40,5,45,5
2493,1,40,7,47,4
2494,2,40,0,40,2
2495,2,40,7,47,2
2496,2,40,7,47,3
2497,1,40,5,45,1
2498,1,40,7,47,3
2499,2,40,8,48,4
2500,1,40,9,49,1
2501,2,40,1,41,4
2502,2,40,3,43,3
2503,1,40,6,46,2
2504,2,40,0,40,6
2505,2,40,2,42,3
2506,2,40,2,42,6
2507,2,40,8,48,5
2508,1,40,4,44,4
2509,2,40,0,40,1
2510,2,40,6,46,1
2511,1,40,0,40,1
2512,1,40,0,40,5
2513,2,40,4,44,6
2514,2,40,5,45,1
2515,2,40,5,45,6
2516,1,40,7,47,6
2517,1,40,8,48,6
2518,1,40,6,46,1
2519,2,40,9,49,6
2520,2,40,9,49,1
2521,2,40,0,40,1
2522,2,40,6,46,1
2523,1,40,8,48,3
2524,2,40,2,42,6
2525,1,40,5,45,1
2526,1,40,6,46,2
2527,2,40,2,42,6
2528,1,40,4,44,1
2529,2,40,6,46,2
2530,2,40,3,43,2
2531,2,40,5,45,2
2532,1,40,3,43,4
2533,1,40,5,45,2
2534,2,40,7,47,3
2535,2,40,4,44,2
2536,1,40,0,40,3
2537,2,40,4,44,1
2538,1,40,0,40,5
2539,2,40,1,41,1
2540,2,40,4,44,2
2541,1,40,2,42,3
2542,2,40,1,41,1
2543,2,40,5,45,1
2544,2,40,1,41,2
2545,2,40,3,43,6
2546,1,40,4,44,1
2547,2,40,0,40,1
2548,2,40,8,48,4
2549,1,40,2,42,1
2550,2,40,5,45,4
2551,2,40,0,40,3
2552,2,40,5,45,1
2553,2,40,4,44,2
2554,1,40,7,47,6
2555,2,40,5,45,1
2556,2,40,0,40,3
2557,2,40,4,44,1
2558,2,40,8,48,2
2559,1,40,5,45,3
2560,2,40,6,46,5
2561,2,40,4,44,2
2562,2,40,0,40,2
2563,2,40,5,45,1
2564,2,40,4,44,2
2565,2,40,5,45,5
2566,1,40,1,41,1
2567,2,40,2,42,3
2568,1,40,1,41,5
2569,2,40,1,41,2
2570,1,40,5,45,3
2571,1,40,1,41,1
2572,1,40,0,40,5
2573,2,40,8,48,1
2574,2,40,2,42,2
2575,1,40,0,40,1
2576,1,40,8,48,1
2577,2,40,1,41,4
2578,2,40,7,47,1
2579,1,40,7,47,1
2580,1,40,5,45,1
2581,1,40,7,47,1
2582,2,40,2,42,1
2583,2,40,0,40,6
2584,2,40,7,47,3
2585,2,40,9,49,1
2586,1,40,5,45,2
2587,2,40,2,42,2
2588,1,40,0,40,3
2589,2,40,5,45,1
2590,2,40,9,49,3
2591,2,40,8,48,1
2592,2,40,2,42,2
2593,2,40,6,46,4
2594,2,40,1,41,2
2595,1,40,7,47,2
2596,2,40,4,44,1
2597,1,40,1,41,1
2598,1,40,1,41,2
2599,2,40,3,43,1
2600,2,40,6,46,2
2601,2,40,4,44,1
2602,2,40,1,41,4
2603,2,40,7,47,2
2604,2,40,4,44,6
2605,2,40,3,43,4
2606,2,40,6,46,2
2607,1,40,3,43,4
2608,1,40,2,42,3
2609,1,40,3,43,1
2610,2,40,2,42,5
2611,2,40,6,46,4
2612,2,40,1,41,1
2613,2,40,8,48,1
2614,2,40,0,40,2
2615,1,40,1,41,5
2616,2,40,8,48,3
2617,2,40,0,40,1
2618,1,40,1,41,1
2619,2,40,8,48,2
2620,1,40,3,43,2
2621,2,40,8,48,3
2622,2,40,7,47,1
2623,1,40,5,45,2
2624,1,40,3,43,6
2625,1,40,9,49,2
2626,2,40,5,45,1
2627,2,40,7,47,2
2628,2,40,5,45,2
2629,1,40,5,45,3
2630,2,40,2,42,1
2631,1,40,7,47,6
2632,2,40,6,46,6
2633,1,40,4,44,3
2634,2,40,6,46,2
2635,2,40,3,43,4
2636,2,40,7,47,2
2637,2,40,9,49,4
2638,2,40,3,43,2
2639,2,40,4,44,3
2640,2,40,2,42,3
2641,1,40,5,45,2
2642,1,40,6,46,5
2643,2,40,0,40,1
2644,2,40,0,40,5
2645,1,40,3,43,5
2646,2,40,0,40,5
2647,1,40,9,49,3
2648,2,40,9,49,2
2649,2,40,6,46,1
2650,1,40,0,40,6
2651,1,40,3,43,2
2652,2,40,6,46,1
2653,1,40,9,49,3
2654,2,40,5,45,1
2655,2,40,0,40,1
2656,2,40,3,43,6
2657,2,40,7,47,1
2658,2,40,1,41,2
2659,1,40,1,41,1
2660,2,40,9,49,2
2661,2,40,5,45,1
2662,1,40,2,42,3
2663,2,40,3,43,3
2664,2,40,0,40,2
2665,1,40,5,45,2
2666,2,40,8,48,2
2667,1,40,4,44,5
2668,2,40,7,47,1
2669,2,40,2,42,6
2670,2,40,5,45,1
2671,2,40,6,46,6
2672,2,40,0,40,2
2673,2,40,5,45,3
2674,2,40,7,47,6
2675,2,40,7,47,2
2676,2,40,7,47,1
2677,1,40,1,41,5
2678,1,40,6,46,6
2679,1,40,6,46,3
2680,1,40,6,46,2
2681,2,40,7,47,3
2682,1,40,6,46,3
2683,1,40,4,44,2
2684,2,40,9,49,4
2685,1,40,8,48,3
2686,1,40,2,42,4
2687,2,40,0,40,2
2688,2,40,6,46,2
2689,2,40,8,48,2
2690,1,40,2,42,4
2691,1,40,9,49,5
2692,2,40,8,48,1
2693,1,40,9,49,1
2694,2,40,6,46,2
2695,2,40,7,47,2
2696,2,40,1,41,3
2697,2,40,7,47,1
2698,1,40,1,41,2
2699,1,40,6,46,2
2700,1,40,9,49,3
2701,2,40,3,43,2
2702,2,40,6,46,5
2703,2,40,9,49,5
2704,2,40,0,40,1
2705,2,40,0,40,3
2706,2,40,1,41,3
2707,2,40,0,40,2
2708,1,40,0,40,3
2709,1,40,0,40,3
2710,2,40,3,43,5
2711,2,40,0,40,3
2712,1,40,1,41,3
2713,1,40,9,49,4
2714,1,40,9,49,6
2715,1,40,7,47,3
2716,2,40,0,40,2
2717,2,40,7,47,3
2718,1,40,7,47,4
2719,2,40,9,49,2
2720,2,40,2,42,2
2721,2,40,6,46,2
2722,2,40,2,42,2
2723,2,40,5,45,1
2724,2,40,5,45,3
2725,2,40,5,45,1
2726,1,40,5,45,3
2727,2,40,7,47,1
2728,2,40,1,41,2
2729,2,40,5,45,1
2730,2,40,0,40,3
2731,2,40,8,48,6
2732,1,40,5,45,4
2733,2,40,1,41,1
2734,2,40,2,42,1
2735,1,40,7,47,2
2736,1,40,1,41,2
2737,2,40,7,47,4
2738,1,40,9,49,4
2739,2,40,3,43,4
2740,2,40,8,48,2
2741,2,40,4,44,2
2742,1,40,0,40,2
2743,2,40,6,46,2
2744,2,40,6,46,1
2745,2,40,4,44,2
2746,2,40,3,43,1
2747,1,40,6,46,1
2748,2,40,9,49,1
2749,2,40,7,47,5
2750,1,40,5,45,3
2751,2,40,9,49,1
2752,1,40,0,40,1
2753,2,40,0,40,2
2754,2,40,4,44,1
2755,2,40,3,43,2
2756,2,40,2,42,1
2757,2,40,0,40,5
2758,2,40,2,42,2
2759,2,40,4,44,1
2760,2,40,7,47,2
2761,2,40,2,42,3
2762,2,40,1,41,4
2763,2,40,7,47,1
2764,2,40,2,42,4
2765,2,40,6,46,3
2766,1,40,7,47,1
2767,2,40,5,45,5
2768,1,40,7,47,4
2769,2,40,7,47,2
2770,1,40,8,48,1
2771,1,40,6,46,2
2772,2,40,4,44,2
2773,2,40,2,42,1
2774,2,40,5,45,2
2775,1,40,5,45,3
2776,1,40,3,43,6
2777,2,40,5,45,2
2778,2,40,7,47,6
2779,2,40,0,40,5
2780,2,40,9,49,6
2781,1,40,2,42,4
2782,2,40,8,48,2
2783,2,40,0,40,4
2784,2,40,9,49,1
2785,2,40,7,47,5
2786,2,40,9,49,1
2787,2,40,4,44,1
2788,2,40,8,48,6
2789,2,40,7,47,3
2790,2,40,3,43,2
2791,2,40,8,48,5
2792,2,40,9,49,2
2793,1,40,3,43,4
2794,1,40,9,49,3
2795,2,40,6,46,1
2796,2,40,6,46,1
2797,2,40,1,41,2
2798,2,40,3,43,2
2799,2,40,5,45,6
2800,2,40,7,47,2
2801,2,40,5,45,1
2802,2,40,4,44,2
2803,1,40,0,40,1
2804,2,40,1,41,3
2805,2,40,0,40,2
2806,1,40,6,46,6
2807,1,40,6,46,5
2808,2,40,4,44,1
2809,2,40,4,44,5
2810,2,40,2,42,3
2811,2,40,4,44,2
2812,1,40,8,48,3
2813,2,40,1,41,4
2814,2,40,9,49,1
2815,1,40,7,47,1
2816,1,40,2,42,6
2817,2,40,2,42,2
2818,1,40,8,48,1
2819,2,40,7,47,3
2820,2,40,9,49,4
2821,2,40,5,45,3
2822,1,40,9,49,1
2823,2,40,0,40,2
2824,2,40,4,44,3
2825,2,40,7,47,1
2826,2,40,7,47,2
2827,2,40,3,43,3
2828,1,40,0,40,3
2829,2,40,6,46,4
2830,2,40,9,49,6
2831,2,40,9,49,1
2832,1,40,3,43,5
2833,2,40,6,46,2
2834,2,40,0,40,3
2835,2,40,5,45,1
2836,1,40,1,41,6
2837,2,40,3,43,2
2838,2,40,1,41,1
2839,2,40,2,42,2
2840,2,40,3,43,1
2841,2,40,8,48,1
2842,1,40,4,44,4
2843,2,40,0,40,1
2844,1,40,3,43,2
2845,2,40,5,45,6
2846,2,40,7,47,3
2847,2,40,7,47,6
2848,1,40,5,45,2
2849,2,40,8,48,5
2850,1,40,2,42,1
2851,2,40,4,44,1
2852,1,40,9,49,3
2853,2,40,9,49,3
2854,2,40,6,46,2
2855,1,40,7,47,3
2856,2,40,5,45,4
2857,1,40,0,40,4
2858,2,40,3,43,1
2859,1,40,2,42,1
2860,2,40,9,49,1
2861,1,40,5,45,4
2862,1,40,4,44,3
2863,1,40,4,44,2
2864,1,40,4,44,6
2865,2,40,0,40,3
2866,2,40,0,40,4
2867,2,40,7,47,1
2868,1,40,8,48,1
2869,2,40,2,42,5
2870,1,40,3,43,5
2871,2,40,5,45,5
2872,1,40,9,49,1
2873,2,40,5,45,1
2874,2,40,1,41,4
2875,2,40,2,42,2
2876,2,40,0,40,1
2877,2,40,0,40,4
2878,1,40,5,45,5
2879,2,40,4,44,6
2880,2,40,0,40,3
2881,2,40,3,43,2
2882,1,40,3,43,3
2883,1,40,2,42,3
2884,2,40,9,49,2
2885,1,40,9,49,1
2886,2,40,1,41,1
2887,1,40,1,41,1
2888,2,40,1,41,2
2889,1,40,6,46,5
2890,2,40,1,41,2
2891,2,40,4,44,4
2892,2,40,5,45,5
2893,2,40,0,40,2
2894,2,40,4,44,3
2895,2,40,7,47,6
2896,1,40,2,42,2
2897,1,40,4,44,5
2898,2,40,5,45,1
2899,2,40,6,46,1
2900,1,40,9,49,1
2901,2,40,0,40,4
2902,1,40,5,45,4
2903,2,40,4,44,2
2904,1,40,0,40,2
2905,2,40,2,42,1
2906,2,40,8,48,1
2907,2,40,2,42,1
2908,1,40,0,40,4
2909,1,40,2,42,3
2910,2,40,5,45,2
2911,1,40,8,48,4
2912,1,40,3,43,2
2913,2,40,2,42,1
2914,1,40,4,44,2
2915,1,40,2,42,1
2916,1,40,7,47,3
2917,2,40,4,44,2
2918,2,40,3,43,1
2919,1,40,3,43,5
2920,1,40,6,46,3
2921,2,40,2,42,1
2922,1,40,8,48,2
2923,2,40,1,41,2
2924,2,40,4,44,2
2925,2,40,7,47,6
2926,2,40,1,41,2
2927,2,40,1,41,2
2928,2,40,0,40,2
2929,2,40,3,43,3
2930,2,40,9,49,5
2931,2,40,0,40,2
2932,2,40,2,42,2
2933,1,40,7,47,1
2934,2,40,4,44,2
2935,2,40,6,46,2
2936,2,40,5,45,5
2937,2,40,1,41,1
2938,1,40,9,49,6
2939,1,40,6,46,1
2940,1,40,2,42,5
2941,2,40,1,41,1
2942,2,40,0,40,1
2943,2,40,5,45,3
2944,2,40,0,40,1
2945,2,40,4,44,1
2946,1,40,1,41,1
2947,2,40,2,42,4
2948,2,40,3,43,5
2949,1,40,6,46,6
2950,2,40,1,41,2
2951,2,40,2,42,1
2952,2,40,0,40,6
2953,2,40,1,41,6
2954,1,40,0,40,1
2955,2,40,2,42,4
2956,2,40,2,42,5
2957,2,40,7,47,1
2958,1,40,5,45,6
2959,2,40,0,40,2
2960,2,40,3,43,3
2961,2,40,5,45,5
2962,2,40,7,47,1
2963,2,40,5,45,2
2964,2,40,6,46,2
2965,1,40,0,40,4
2966,2,40,0,40,6
2967,2,40,9,49,1
2968,2,40,3,43,3
2969,2,40,0,40,4
2970,2,40,3,43,1
2971,1,40,3,43,2
2972,2,40,4,44,6
2973,2,40,7,47,3
2974,1,40,6,46,1
2975,2,40,9,49,6
2976,1,40,4,44,1
2977,1,40,3,43,6
2978,2,40,8,48,2
2979,1,40,1,41,2
2980,1,40,4,44,3
2981,2,40,5,45,1
2982,1,40,7,47,2
2983,1,40,0,40,2
2984,2,40,5,45,3
2985,2,40,4,44,2
2986,2,40,8,48,2
2987,2,40,4,44,2
2988,1,40,2,42,1
2989,1,40,0,40,6
2990,2,40,8,48,1
2991,2,40,1,41,5
2992,2,40,3,43,1
2993,2,40,5,45,6
2994,2,40,8,48,4
2995,2,40,7,47,1
2996,2,40,1,41,2
2997,2,40,3,43,1
2998,1,40,9,49,2
2999,2,40,9,49,2
3000,2,40,4,44,6
3001,2,40,3,43,1
3002,2,40,0,40,3
3003,1,40,8,48,3
3004,1,40,9,49,2
3005,2,40,2,42,6
3006,1,40,6,46,2
3007,1,40,2,42,2
3008,2,40,6,46,1
3009,1,40,9,49,3
3010,2,40,2,42,2
3011,1,40,5,45,5
3012,2,40,9,49,5
3013,1,40,5,45,1
3014,2,40,6,46,1
3015,2,40,0,40,5
3016,1,40,1,41,1
3017,2,40,9,49,3
3018,1,40,1,41,1
3019,1,40,3,43,5
3020,2,40,8,48,1
3021,2,40,6,46,1
3022,2,40,2,42,1
3023,2,40,1,41,6
3024,2,40,8,48,3
3025,1,40,5,45,3
3026,1,40,0,40,5
3027,2,40,5,45,3
3028,2,40,3,43,2
3029,2,40,3,43,5
3030,2,40,2,42,2
3031,1,40,6,46,2
3032,2,40,0,40,1
3033,2,40,9,49,2
3034,2,40,8,48,3
3035,1,40,5,45,6
3036,2,40,9,49,5
3037,2,40,7,47,4
3038,1,40,5,45,1
3039,2,40,8,48,2
3040,2,40,4,44,6
3041,2,40,0,40,3
3042,1,40,5,45,1
3043,1,40,2,42,1
3044,1,40,3,43,2
3045,2,40,3,43,2
3046,1,40,7,47,3
3047,2,40,9,49,3
3048,1,40,8,48,1
3049,2,40,7,47,2
3050,1,40,3,43,3
3051,2,40,4,44,4
3052,2,40,4,44,4
3053,2,40,2,42,2
3054,1,40,6,46,2
3055,2,40,6,46,6
3056,2,40,6,46,6
3057,1,40,1,41,3
3058,1,40,6,46,2
3059,2,40,1,41,2
3060,2,40,9,49,5
3061,2,40,2,42,1
3062,2,40,6,46,1
3063,2,40,5,45,6
3064,2,40,4,44,2
3065,2,40,6,46,3
3066,2,40,1,41,2
3067,1,40,2,42,2
3068,1,40,3,43,6
3069,2,40,1,41,2
3070,1,40,9,49,5
3071,2,40,8,48,2
3072,2,40,4,44,5
3073,2,40,1,41,3
3074,2,40,9,49,1
3075,2,40,2,42,1
3076,2,40,7,47,6
3077,2,40,8,48,3
3078,2,40,4,44,1
3079,2,40,4,44,5
3080,2,40,2,42,1
3081,2,40,8,48,2
3082,2,40,3,43,2
3083,2,40,6,46,2
3084,1,40,1,41,2
3085,2,40,3,43,1
3086,2,40,5,45,5
3087,2,40,6,46,1
3088,2,40,7,47,1
3089,2,40,2,42,1
3090,1,40,6,46,2
3091,1,40,8,48,5
3092,2,40,4,44,2
3093,2,40,4,44,1
3094,2,40,2,42,2
3095,2,40,5,45,1
3096,2,40,0,40,2
3097,1,40,6,46,3
3098,2,40,0,40,1
3099,1,40,3,43,1
3100,1,40,7,47,1
3101,1,40,3,43,3
3102,2,40,1,41,3
3103,2,40,6,46,1
3104,1,40,5,45,3
3105,1,40,3,43,2
3106,2,40,5,45,1
3107,2,40,0,40,1
3108,2,40,1,41,3
3109,1,40,4,44,5
3110,2,40,4,44,2
3111,2,40,6,46,1
3112,1,40,8,48,1
3113,2,40,7,47,6
3114,2,40,4,44,2
3115,2,40,5,45,6
3116,2,40,7,47,4
3117,2,40,0,40,3
3118,1,40,6,46,6
3119,2,40,3,43,1
3120,2,40,8,48,4
3121,2,40,8,48,5
3122,2,40,2,42,1
3123,1,40,9,49,2
3124,1,40,5,45,4
3125,2,40,5,45,2
3126,1,40,2,42,3
3127,2,40,7,47,5
3128,2,40,2,42,1
3129,2,40,9,49,5
3130,2,40,7,47,1
3131,2,40,7,47,1
3132,2,40,2,42,3
3133,2,40,0,40,2
3134,2,40,8,48,3
3135,2,40,2,42,5
3136,2,40,3,43,6
3137,2,40,2,42,3
3138,2,40,7,47,2
3139,2,40,8,48,5
3140,1,40,6,46,6
3141,2,40,4,44,1
3142,2,40,7,47,2
3143,2,40,0,40,2
3144,1,40,7,47,6
3145,2,40,4,44,1
3146,2,40,7,47,3
3147,1,40,7,47,2
3148,2,40,8,48,2
3149,2,40,2,42,1
3150,2,40,5,45,1
3151,2,40,8,48,6
3152,2,40,8,48,1
3153,2,40,9,49,2
3154,1,40,1,41,1
3155,1,40,9,49,2
3156,2,40,8,48,5
3157,1,40,0,40,1
3158,2,40,6,46,3
3159,2,40,3,43,2
3160,2,40,7,47,4
3161,2,40,3,43,4
3162,1,40,9,49,2
3163,2,40,5,45,6
3164,2,40,9,49,1
3165,2,40,2,42,2
3166,2,40,9,49,1
3167,2,40,6,46,1
3168,2,40,8,48,1
3169,2,40,1,41,3
3170,1,40,2,42,2
3171,1,40,6,46,6
3172,2,40,8,48,1
3173,1,40,3,43,4
3174,2,40,0,40,2
3175,2,40,6,46,1
3176,2,40,8,48,5
3177,1,40,0,40,4
3178,2,40,2,42,4
3179,2,40,1,41,3
3180,2,40,5,45,1
3181,2,40,9,49,1
3182,1,40,4,44,5
3183,2,40,0,40,1
3184,2,40,1,41,3
3185,2,40,9,49,3
3186,1,40,8,48,1
3187,2,40,6,46,4
3188,2,40,7,47,6
3189,1,40,4,44,1
3190,1,40,0,40,3
3191,1,40,5,45,5
3192,2,40,5,45,1
3193,2,40,8,48,1
3194,1,40,9,49,3
3195,2,40,6,46,4
3196,2,40,6,46,6
3197,2,40,7,47,6
3198,2,40,5,45,2
3199,2,40,8,48,1
3200,2,40,4,44,1
3201,2,40,9,49,2
3202,1,40,2,42,1
3203,1,40,6,46,1
3204,2,40,9,49,2
3205,2,40,1,41,1
3206,2,40,7,47,1
3207,2,40,0,40,3
3208,2,40,8,48,2
3209,1,40,7,47,2
3210,1,40,9,49,1
3211,2,40,3,43,3
3212,1,40,0,40,3
3213,1,40,8,48,4
3214,2,40,0,40,2
3215,1,40,0,40,6
3216,2,40,5,45,5
3217,2,40,2,42,5
3218,1,40,9,49,4
3219,2,40,8,48,4
3220,1,40,3,43,2
3221,1,40,1,41,2
3222,2,40,3,43,1
3223,2,40,3,43,3
3224,1,40,5,45,3
3225,2,40,5,45,4
3226,2,40,2,42,2
3227,2,40,8,48,6
3228,2,40,9,49,1
3229,2,40,4,44,1
3230,2,40,5,45,3
3231,2,40,2,42,1
3232,2,40,1,41,2
3233,2,40,2,42,3
3234,1,40,7,47,1
3235,2,40,0,40,5
3236,2,40,2,42,5
3237,2,40,0,40,2
3238,1,40,3,43,1
3239,1,40,0,40,2
3240,1,40,0,40,5
3241,2,40,9,49,1
3242,1,40,7,47,5
3243,1,40,8,48,5
3244,2,40,7,47,2
3245,1,40,4,44,5
3246,2,40,4,44,1
3247,2,40,9,49,3
3248,2,40,7,47,3
3249,2,40,7,47,4
3250,2,40,9,49,4
3251,1,40,3,43,2
3252,1,40,2,42,1
3253,2,40,9,49,4
3254,2,40,5,45,3
3255,2,40,4,44,6
3256,2,40,4,44,1
3257,1,40,9,49,1
3258,1,40,1,41,3
3259,2,40,2,42,2
3260,2,40,7,47,2
3261,2,40,9,49,3
3262,2,40,9,49,6
3263,2,40,2,42,3
3264,2,40,2,42,1
3265,2,40,3,43,3
3266,2,40,4,44,1
3267,2,40,2,42,3
3268,2,40,2,42,6
3269,2,40,9,49,1
3270,1,40,4,44,4
3271,1,40,6,46,2
3272,2,40,4,44,2
3273,2,40,7,47,1
3274,2,40,4,44,6
3275,2,40,8,48,2
3276,2,40,5,45,2
3277,2,40,5,45,1
3278,2,40,3,43,2
3279,1,40,6,46,5
3280,2,40,6,46,2
3281,2,40,9,49,2
3282,2,40,1,41,1
3283,2,40,1,41,1
3284,2,40,7,47,3
3285,1,40,9,49,5
3286,1,40,4,44,6
3287,2,40,1,41,6
3288,1,40,2,42,3
3289,1,40,1,41,4
3290,2,40,5,45,4
3291,1,40,6,46,2
3292,1,40,7,47,1
3293,1,40,7,47,6
3294,1,40,3,43,3
3295,1,40,2,42,2
3296,1,40,5,45,3
3297,2,40,3,43,5
3298,2,40,9,49,6
3299,1,40,1,41,2
3300,1,40,9,49,1
3301,2,40,7,47,3
3302,1,40,0,40,6
3303,2,40,7,47,3
3304,1,40,0,40,2
3305,2,40,6,46,1
3306,1,40,9,49,5
3307,2,40,4,44,3
3308,2,40,5,45,5
3309,1,40,7,47,5
3310,2,40,1,41,2
3311,2,40,6,46,2
3312,1,40,8,48,3
3313,1,40,8,48,5
3314,2,40,6,46,3
3315,2,40,9,49,2
3316,1,40,1,41,2
3317,2,40,2,42,6
3318,2,40,4,44,1
3319,2,40,5,45,2
3320,2,40,0,40,2
3321,2,40,8,48,3
3322,1,40,6,46,5
3323,2,40,5,45,5
3324,2,40,1,41,1
3325,1,40,8,48,2
3326,1,40,8,48,3
3327,2,40,6,46,6
3328,1,40,2,42,3
3329,1,40,6,46,1
3330,1,40,5,45,3
3331,2,40,8,48,2
3332,2,40,8,48,1
3333,2,40,1,41,3
3334,2,40,3,43,2
3335,1,40,9,49,4
3336,2,40,5,45,5
3337,2,40,3,43,2
3338,1,40,0,40,1
3339,1,40,5,45,5
3340,1,40,5,45,2
3341,1,40,8,48,3
3342,2,40,0,40,2
3343,2,40,1,41,5
3344,1,40,3,43,4
3345,1,40,3,43,2
3346,1,40,8,48,3
3347,2,40,7,47,3
3348,1,40,2,42,3
3349,1,40,6,46,4
3350,2,40,1,41,2
3351,2,40,6,46,3
3352,1,40,1,41,1
3353,1,40,4,44,6
3354,2,40,1,41,3
3355,1,40,9,49,1
3356,1,40,5,45,3
3357,2,40,8,48,6
3358,2,40,5,45,3
3359,2,40,0,40,3
3360,2,40,0,40,2
3361,2,40,6,46,1
3362,2,40,2,42,2
3363,2,40,6,46,2
3364,1,40,7,47,6
3365,1,40,1,41,2
3366,2,40,3,43,2
3367,1,40,2,42,1
3368,2,40,0,40,1
3369,1,40,3,43,6
3370,1,40,7,47,6
3371,2,40,1,41,1
3372,2,40,1,41,5
3373,2,40,2,42,5
3374,2,40,7,47,2
3375,2,40,0,40,1
3376,1,40,9,49,3
3377,2,40,8,48,1
3378,1,40,1,41,1
3379,2,40,2,42,1
3380,2,40,4,44,6
3381,2,40,3,43,6
3382,2,40,7,47,2
3383,2,40,8,48,6
3384,1,40,2,42,3
3385,2,40,5,45,5
3386,2,40,9,49,3
3387,1,40,7,47,1
3388,1,40,2,42,3
3389,1,40,3,43,6
3390,2,40,3,43,2
3391,2,40,8,48,4
3392,2,40,8,48,2
3393,1,40,7,47,6
3394,2,40,7,47,5
3395,1,40,6,46,1
3396,2,40,0,40,2
3397,1,40,9,49,3
3398,2,40,9,49,4
3399,2,40,3,43,1
3400,2,40,7,47,1
3401,2,40,9,49,1
3402,2,40,6,46,4
3403,2,40,3,43,1
3404,2,40,7,47,1
3405,2,40,6,46,1
3406,2,40,9,49,3
3407,2,40,3,43,1
3408,2,40,3,43,1
3409,1,40,1,41,2
3410,2,40,4,44,2
3411,2,40,7,47,1
3412,2,40,6,46,1
3413,2,40,2,42,3
3414,2,40,0,40,2
3415,2,40,1,41,1
3416,1,40,8,48,3
3417,2,40,2,42,5
3418,2,40,7,47,2
3419,2,40,3,43,2
3420,2,40,9,49,2
3421,2,40,0,40,2
3422,1,40,1,41,2
3423,2,40,0,40,6
3424,2,40,6,46,1
3425,1,40,1,41,3
3426,2,40,8,48,2
3427,2,40,0,40,2
3428,1,40,2,42,4
3429,1,40,6,46,3
3430,2,40,6,46,2
3431,1,40,2,42,3
3432,1,40,0,40,4
3433,2,40,7,47,6
3434,1,40,3,43,1
3435,1,40,8,48,3
3436,2,40,1,41,5
3437,2,40,8,48,2
3438,2,40,2,42,1
3439,2,40,6,46,5
3440,2,40,9,49,5
3441,2,40,1,41,4
3442,2,40,5,45,3
3443,2,40,4,44,5
3444,2,40,1,41,2
3445,2,40,8,48,2
3446,2,40,3,43,6
3447,2,40,7,47,1
3448,1,40,7,47,2
3449,2,40,7,47,2
3450,2,40,3,43,1
3451,1,40,7,47,3
3452,2,40,4,44,3
3453,2,40,8,48,2
3454,2,40,1,41,3
3455,2,40,6,46,3
3456,1,40,9,49,2
3457,2,40,8,48,3
3458,2,40,4,44,3
3459,2,40,1,41,5
3460,2,40,7,47,3
3461,2,40,5,45,2
3462,2,40,2,42,2
3463,2,40,5,45,6
3464,1,40,0,40,1
3465,2,40,6,46,3
3466,2,40,5,45,1
3467,1,40,0,40,1
3468,2,40,0,40,2
3469,2,40,3,43,1
3470,2,40,0,40,3
3471,1,40,1,41,2
3472,2,40,4,44,2
3473,2,40,7,47,2
3474,2,40,8,48,2
3475,2,40,7,47,1
3476,1,40,2,42,3
3477,2,40,7,47,3
3478,2,40,3,43,1
3479,2,40,2,42,3
3480,1,40,0,40,4
3481,2,40,8,48,2
3482,2,40,8,48,5
3483,1,40,7,47,3
3484,1,40,9,49,2
3485,2,40,9,49,1
3486,1,40,4,44,1
3487,1,40,2,42,3
3488,2,40,9,49,2
3489,2,40,5,45,2
3490,2,40,3,43,5
3491,1,40,7,47,1
3492,2,40,4,44,2
3493,1,40,0,40,6
3494,2,40,3,43,1
3495,1,40,5,45,3
3496,2,40,9,49,4
3497,2,40,8,48,4
3498,2,40,7,47,5
3499,1,40,5,45,5
3500,1,40,3,43,3
3501,2,50,7,57,4
3502,2,50,1,51,5
3503,2,50,1,51,4
3504,1,50,5,55,1
3505,2,50,3,53,1
3506,2,50,4,54,1
3507,2,50,5,55,5
3508,2,50,7,57,3
3509,2,50,1,51,2
3510,1,50,2,52,5
3511,2,50,9,59,4
3512,2,50,8,58,4
3513,2,50,3,53,6
3514,2,50,5,55,6
3515,2,50,2,52,1
3516,2,50,9,59,4
3517,1,50,5,55,4
3518,2,50,1,51,5
3519,1,50,2,52,2
3520,2,50,1,51,1
3521,2,50,5,55,1
3522,2,50,3,53,4
3523,2,50,9,59,2
3524,2,50,4,54,1
3525,2,50,3,53,1
3526,2,50,6,56,1
3527,2,50,9,59,1
3528,2,50,3,53,2
3529,2,50,4,54,6
3530,2,50,1,51,1
3531,2,50,6,56,1
3532,2,50,7,57,1
3533,1,50,2,52,1
3534,2,50,2,52,2
3535,1,50,3,53,4
3536,2,50,2,52,4
3537,2,50,7,57,5
3538,2,50,1,51,1
3539,2,50,4,54,5
3540,2,50,4,54,1
3541,2,50,2,52,2
3542,2,50,4,54,1
3543,1,50,1,51,1
3544,1,50,4,54,2
3545,2,50,1,51,2
3546,2,50,8,58,6
3547,2,50,4,54,2
3548,2,50,4,54,6
3549,1,50,9,59,4
3550,2,50,3,53,3
3551,2,50,0,50,6
3552,2,50,5,55,1
3553,2,50,8,58,2
3554,1,50,0,50,5
3555,2,50,7,57,4
3556,1,50,0,50,3
3557,1,50,4,54,3
3558,2,50,9,59,3
3559,1,50,1,51,6
3560,2,50,7,57,1
3561,2,50,8,58,6
3562,2,50,4,54,1
3563,1,50,0,50,4
3564,1,50,4,54,3
3565,1,50,6,56,6
3566,2,50,4,54,3
3567,2,50,3,53,3
3568,1,50,0,50,1
3569,1,50,8,58,1
3570,2,50,5,55,1
3571,1,50,5,55,2
3572,2,50,8,58,6
3573,2,50,9,59,5
3574,2,50,2,52,4
3575,1,50,6,56,3
3576,2,50,9,59,6
3577,2,50,1,51,2
3578,2,50,4,54,1
3579,2,50,3,53,6
3580,2,50,3,53,5
3581,2,50,8,58,1
3582,2,50,5,55,5
3583,2,50,8,58,1
3584,2,50,2,52,3
3585,1,50,1,51,5
3586,1,50,8,58,5
3587,1,50,8,58,6
3588,1,50,5,55,1
3589,2,50,1,51,2
3590,1,50,8,58,5
3591,2,50,4,54,1
3592,2,50,8,58,5
3593,1,50,8,58,1
3594,2,50,0,50,5
3595,2,50,1,51,6
3596,2,50,1,51,3
3597,2,50,4,54,5
3598,2,50,6,56,3
3599,2,50,6,56,3
3600,2,50,3,53,4
3601,2,50,4,54,1
3602,2,50,0,50,1
3603,2,50,3,53,1
3604,2,50,5,55,5
3605,2,50,3,53,6
3606,2,50,5,55,6
3607,1,50,6,56,5
3608,2,50,5,55,3
3609,1,50,7,57,1
3610,2,50,7,57,1
3611,1,50,4,54,5
3612,2,50,7,57,1
3613,2,50,5,55,2
3614,2,50,6,56,1
3615,1,50,0,50,5
3616,2,50,6,56,6
3617,2,50,8,58,4
3618,2,50,4,54,3
3619,2,50,6,56,2
3620,2,50,3,53,4
3621,1,50,2,52,3
3622,2,50,6,56,6
3623,2,50,2,52,4
3624,1,50,7,57,1
3625,1,50,5,55,1
3626,2,50,9,59,1
3627,2,50,8,58,2
3628,2,50,5,55,2
3629,2,50,6,56,3
3630,1,50,2,52,5
3631,1,50,6,56,4
3632,2,50,5,55,2
3633,2,50,6,56,4
3634,2,50,8,58,3
3635,2,50,7,57,1
3636,2,50,9,59,1
3637,1,50,2,52,5
3638,2,50,3,53,3
3639,1,50,8,58,4
3640,2,50,2,52,2
3641,1,50,5,55,1
3642,2,50,2,52,3
3643,2,50,0,50,6
3644,2,50,8,58,5
3645,2,50,7,57,3
3646,1,50,4,54,1
3647,2,50,0,50,6
3648,2,50,3,53,4
3649,2,50,0,50,1
3650,2,50,4,54,6
3651,1,50,5,55,2
3652,1,50,1,51,3
3653,2,50,8,58,2
3654,2,50,0,50,1
3655,2,50,5,55,4
3656,1,50,3,53,2
3657,2,50,0,50,1
3658,2,50,8,58,1
3659,1,50,5,55,1
3660,2,50,1,51,3
3661,1,50,8,58,1
3662,2,50,1,51,2
3663,2,50,9,59,1
3664,2,50,6,56,2
3665,2,50,3,53,2
3666,2,50,7,57,4
3667,1,50,1,51,2
3668,2,50,0,50,1
3669,2,50,5,55,3
3670,2,50,7,57,1
3671,2,50,7,57,1
3672,2,50,2,52,1
3673,2,50,1,51,6
3674,2,50,0,50,3
3675,2,50,0,50,3
3676,2,50,7,57,5
3677,1,50,4,54,6
3678,2,50,2,52,3
3679,2,50,3,53,5
3680,2,50,6,56,6
3681,2,50,5,55,1
3682,2,50,2,52,1
3683,2,50,4,54,3
3684,1,50,0,50,6
3685,2,50,4,54,5
3686,1,50,4,54,1
3687,2,50,9,59,1
3688,2,50,8,58,5
3689,2,50,7,57,5
3690,1,50,7,57,3
3691,2,50,9,59,3
3692,1,50,7,57,1
3693,2,50,3,53,1
3694,1,50,7,57,5
3695,1,50,7,57,3
3696,2,50,6,56,5
3697,2,50,7,57,4
3698,1,50,5,55,6
3699,2,50,7,57,4
3700,1,50,2,52,1
3701,2,50,0,50,2
3702,2,50,4,54,6
3703,1,50,9,59,1
3704,2,50,0,50,4
3705,2,50,4,54,2
3706,2,50,7,57,5
3707,1,50,6,56,6
3708,2,50,4,54,5
3709,2,50,7,57,3
3710,2,50,9,59,2
3711,2,50,8,58,3
3712,1,50,9,59,1
3713,1,50,3,53,6
3714,2,50,1,51,5
3715,1,50,1,51,2
3716,2,50,8,58,1
3717,2,50,3,53,5
3718,1,50,6,56,3
3719,2,50,8,58,1
3720,1,50,0,50,1
3721,2,50,1,51,5
3722,1,50,6,56,6
3723,2,50,3,53,6
3724,2,50,3,53,2
3725,1,50,6,56,4
3726,2,50,4,54,1
3727,2,50,7,57,2
3728,2,50,6,56,3
3729,2,50,4,54,6
3730,2,50,3,53,1
3731,2,50,8,58,2
3732,2,50,1,51,4
3733,1,50,2,52,5
3734,2,50,5,55,6
3735,2,50,4,54,4
3736,2,50,7,57,1
3737,1,50,5,55,5
3738,2,50,2,52,1
3739,2,50,8,58,6
3740,1,50,6,56,1
3741,1,50,9,59,2
3742,2,50,2,52,1
3743,1,50,0,50,1
3744,1,50,5,55,1
3745,1,50,2,52,5
3746,2,50,3,53,5
3747,2,50,6,56,4
3748,2,50,0,50,3
3749,1,50,1,51,6
3750,2,50,2,52,5
3751,2,50,5,55,6
3752,1,50,6,56,6
3753,2,50,4,54,4
3754,2,50,4,54,2
3755,2,50,5,55,4
3756,1,50,9,59,3
3757,2,50,3,53,3
3758,2,50,7,57,3
3759,2,50,4,54,1
3760,1,50,0,50,5
3761,2,50,4,54,6
3762,2,50,2,52,4
3763,2,50,1,51,3
3764,1,50,0,50,4
3765,1,50,9,59,5
3766,2,50,7,57,6
3767,1,50,0,50,1
3768,2,50,1,51,3
3769,2,50,2,52,1
3770,2,50,5,55,4
3771,2,50,3,53,1
3772,2,50,8,58,2
3773,2,50,5,55,1
3774,2,50,8,58,4
3775,1,50,8,58,1
3776,1,50,3,53,1
3777,2,50,3,53,3
3778,2,50,6,56,2
3779,2,50,9,59,4
3780,2,50,7,57,6
3781,1,50,6,56,1
3782,2,50,9,59,1
3783,2,50,4,54,5
3784,1,50,1,51,5
3785,2,50,7,57,1
3786,1,50,6,56,1
3787,2,50,4,54,3
3788,2,50,3,53,5
3789,2,50,0,50,1
3790,2,50,6,56,3
3791,1,50,4,54,3
3792,1,50,4,54,4
3793,1,50,1,51,2
3794,1,50,7,57,2
3795,1,50,4,54,5
3796,2,50,0,50,4
3797,1,50,1,51,1
3798,2,50,5,55,5
3799,1,50,6,56,1
3800,2,50,8,58,3
3801,2,50,4,54,6
3802,1,50,7,57,5
3803,2,50,9,59,2
3804,1,50,9,59,3
3805,1,50,8,58,5
3806,2,50,6,56,2
3807,2,50,7,57,3
3808,2,50,2,52,3
3809,1,50,4,54,3
3810,2,50,1,51,4
3811,1,50,7,57,6
3812,2,50,4,54,1
3813,1,50,8,58,4
3814,2,50,2,52,2
3815,2,50,1,51,3
3816,1,50,5,55,3
3817,1,50,4,54,6
3818,1,50,9,59,3
3819,2,50,9,59,6
3820,2,50,8,58,1
3821,2,50,0,50,2
3822,1,50,5,55,4
3823,2,50,2,52,1
3824,2,50,9,59,3
3825,2,50,4,54,2
3826,2,50,7,57,1
3827,2,50,9,59,2
3828,2,50,8,58,5
3829,1,50,0,50,2
3830,2,50,8,58,5
3831,2,50,0,50,2
3832,2,50,8,58,5
3833,1,50,1,51,3
3834,1,50,4,54,2
3835,2,50,0,50,4
3836,2,50,3,53,1
3837,2,50,7,57,2
3838,2,50,2,52,4
3839,2,50,6,56,6
3840,2,50,5,55,1
3841,2,50,6,56,1
3842,1,50,4,54,1
3843,2,50,8,58,6
3844,2,50,6,56,1
3845,2,50,2,52,4
3846,2,50,0,50,3
3847,2,50,5,55,5
3848,1,50,3,53,1
3849,2,50,0,50,1
3850,2,50,3,53,6
3851,1,50,3,53,1
3852,1,50,5,55,5
3853,1,50,9,59,1
3854,2,50,4,54,1
3855,1,50,5,55,6
3856,1,50,5,55,5
3857,1,50,2,52,1
3858,2,50,6,56,4
3859,2,50,6,56,6
3860,2,50,5,55,6
3861,2,50,7,57,1
3862,1,50,2,52,3
3863,2,50,3,53,2
3864,2,50,8,58,2
3865,1,50,4,54,2
3866,2,50,2,52,3
3867,1,50,9,59,5
3868,2,50,1,51,2
3869,2,50,2,52,2
3870,1,50,3,53,2
3871,2,50,0,50,3
3872,2,50,8,58,2
3873,2,50,7,57,6
3874,2,50,7,57,6
3875,2,50,2,52,1
3876,1,50,7,57,2
3877,2,50,6,56,4
3878,2,50,2,52,1
3879,2,50,0,50,1
3880,2,50,3,53,1
3881,2,50,0,50,1
3882,2,50,2,52,6
3883,1,50,1,51,2
3884,2,50,5,55,1
3885,2,50,8,58,3
3886,2,50,2,52,2
3887,2,50,0,50,1
3888,2,50,9,59,4
3889,2,50,9,59,1
3890,2,50,2,52,1
3891,2,50,2,52,5
3892,2,50,6,56,1
3893,2,50,8,58,3
3894,2,50,5,55,1
3895,1,50,4,54,1
3896,1,50,9,59,6
3897,2,50,6,56,2
3898,2,50,9,59,6
3899,2,50,0,50,3
3900,2,50,0,50,1
3901,1,50,8,58,3
3902,2,50,0,50,3
3903,2,50,7,57,5
3904,2,50,7,57,1
3905,2,50,6,56,3
3906,1,50,1,51,5
3907,2,50,3,53,5
3908,2,50,7,57,1
3909,2,50,8,58,2
3910,2,50,1,51,5
3911,2,50,4,54,6
3912,2,50,3,53,1
3913,2,50,2,52,3
3914,2,50,3,53,5
3915,2,50,2,52,3
3916,2,50,3,53,3
3917,1,50,1,51,6
3918,1,50,9,59,6
3919,2,50,5,55,2
3920,1,50,5,55,4
3921,2,50,2,52,4
3922,2,50,7,57,2
3923,2,50,9,59,4
3924,2,50,9,59,5
3925,1,50,2,52,6
3926,2,50,6,56,1
3927,2,50,5,55,6
3928,2,50,6,56,1
3929,2,50,1,51,5
3930,2,50,5,55,5
3931,2,50,2,52,6
3932,1,50,1,51,1
3933,2,50,5,55,1
3934,2,50,8,58,4
3935,1,50,0,50,2
3936,2,50,8,58,2
3937,1,50,0,50,3
3938,2,50,0,50,1
3939,1,50,7,57,1
3940,2,50,5,55,6
3941,2,50,4,54,1
3942,1,50,8,58,1
3943,1,50,1,51,4
3944,2,50,8,58,1
3945,2,50,6,56,2
3946,2,50,3,53,4
3947,2,50,0,50,6
3948,2,50,0,50,1
3949,2,50,5,55,6
3950,1,50,8,58,1
3951,1,50,2,52,6
3952,1,50,0,50,6
3953,1,50,1,51,1
3954,2,50,3,53,3
3955,2,50,7,57,6
3956,2,50,7,57,1
3957,2,50,1,51,6
3958,2,50,3,53,6
3959,2,50,5,55,5
3960,2,50,7,57,2
3961,2,50,7,57,4
3962,1,50,9,59,1
3963,2,50,9,59,1
3964,2,50,4,54,1
3965,2,50,5,55,6
3966,2,50,4,54,4
3967,2,50,8,58,1
3968,2,50,2,52,5
3969,2,50,8,58,2
3970,1,50,3,53,5
3971,2,50,0,50,1
3972,2,50,8,58,2
3973,2,50,9,59,3
3974,2,50,8,58,5
3975,1,50,3,53,4
3976,1,50,8,58,1
3977,2,50,0,50,5
3978,2,50,5,55,3
3979,1,50,7,57,6
3980,2,50,2,52,1
3981,2,50,5,55,1
3982,2,50,1,51,1
3983,1,50,5,55,3
3984,1,50,7,57,4
3985,2,50,7,57,1
3986,1,50,2,52,1
3987,1,50,5,55,4
3988,1,50,7,57,1
3989,1,50,9,59,5
3990,2,50,6,56,1
3991,2,50,2,52,4
3992,2,50,6,56,6
3993,2,50,9,59,4
3994,1,50,5,55,4
3995,2,50,4,54,6
3996,1,50,7,57,1
3997,2,50,2,52,1
3998,2,50,9,59,4
3999,2,50,8,58,1
4000,1,50,6,56,4
4001,2,50,9,59,2
4002,2,50,9,59,4
4003,2,50,8,58,5
4004,2,50,9,59,1
4005,2,50,4,54,1
4006,1,50,9,59,2
4007,1,50,0,50,5
4008,2,50,1,51,1
4009,2,50,7,57,1
4010,2,50,0,50,1
4011,1,50,9,59,6
4012,2,50,6,56,1
4013,2,50,6,56,1
4014,1,50,2,52,3
4015,2,50,5,55,4
4016,2,50,2,52,5
4017,1,50,6,56,2
4018,2,50,3,53,1
4019,1,50,1,51,4
4020,2,50,8,58,3
4021,1,50,8,58,1
4022,2,50,1,51,4
4023,2,50,1,51,1
4024,2,50,8,58,1
4025,1,50,1,51,1
4026,2,50,7,57,4
4027,2,50,1,51,3
4028,2,50,0,50,4
4029,1,50,8,58,2
4030,1,50,4,54,6
4031,2,50,3,53,1
4032,1,50,2,52,3
4033,2,50,8,58,1
4034,1,50,6,56,5
4035,2,50,5,55,3
4036,2,50,2,52,3
4037,1,50,2,52,1
4038,2,50,2,52,3
4039,2,50,2,52,6
4040,2,50,0,50,4
4041,2,50,9,59,1
4042,1,50,0,50,3
4043,2,50,3,53,5
4044,2,50,3,53,1
4045,2,50,8,58,1
4046,2,50,7,57,3
4047,2,50,3,53,6
4048,1,50,3,53,1
4049,1,50,1,51,5
4050,1,50,9,59,3
4051,2,50,0,50,1
4052,2,50,0,50,4
4053,2,50,5,55,2
4054,2,50,7,57,2
4055,2,50,7,57,2
4056,2,50,6,56,6
4057,1,50,5,55,4
4058,2,50,6,56,4
4059,2,50,9,59,1
4060,2,50,4,54,6
4061,1,50,9,59,2
4062,2,50,6,56,6
4063,2,50,0,50,4
4064,2,50,1,51,3
4065,1,50,6,56,2
4066,2,50,1,51,3
4067,2,50,5,55,2
4068,2,50,9,59,1
4069,2,50,1,51,2
4070,1,50,4,54,5
4071,2,50,0,50,5
4072,1,50,2,52,1
4073,1,50,7,57,6
4074,2,50,7,57,1
4075,2,50,9,59,3
4076,2,50,8,58,4
4077,1,50,9,59,2
4078,1,50,8,58,4
4079,2,50,7,57,4
4080,2,50,8,58,1
4081,2,50,9,59,4
4082,1,50,0,50,2
4083,2,50,2,52,6
4084,2,50,9,59,1
4085,2,50,5,55,5
4086,1,50,6,56,3
4087,1,50,8,58,4
4088,2,50,8,58,5
4089,2,50,4,54,5
4090,2,50,3,53,5
4091,2,50,3,53,3
4092,1,50,8,58,1
4093,2,50,1,51,5
4094,2,50,0,50,2
4095,2,50,9,59,1
4096,2,50,1,51,3
4097,1,50,0,50,5
4098,2,50,8,58,6
4099,2,50,1,51,1
4100,2,50,2,52,5
4101,2,50,6,56,6
4102,2,50,3,53,5
4103,1,50,8,58,3
4104,2,50,4,54,3
4105,2,50,7,57,2
4106,1,50,0,50,3
4107,2,50,8,58,2
4108,2,50,9,59,1
4109,2,50,7,57,2
4110,1,50,7,57,2
4111,2,50,4,54,1
4112,2,50,3,53,1
4113,2,50,7,57,6
4114,2,50,8,58,1
4115,2,50,5,55,5
4116,2,50,8,58,1
4117,1,50,5,55,6
4118,2,50,8,58,1
4119,2,50,7,57,3
4120,1,50,7,57,2
4121,1,50,2,52,6
4122,1,50,6,56,5
4123,2,50,8,58,3
4124,2,50,6,56,2
4125,2,50,5,55,2
4126,2,50,2,52,1
4127,2,50,6,56,5
4128,2,50,0,50,4
4129,2,50,9,59,4
4130,2,50,8,58,4
4131,2,50,2,52,1
4132,2,50,8,58,4
4133,1,50,4,54,1
4134,2,50,9,59,4
4135,2,50,0,50,1
4136,2,50,5,55,1
4137,1,50,9,59,1
4138,1,50,5,55,2
4139,2,50,3,53,2
4140,1,50,8,58,2
4141,2,50,1,51,6
4142,2,50,2,52,3
4143,1,50,3,53,1
4144,1,50,6,56,1
4145,2,50,4,54,4
4146,2,50,0,50,2
4147,1,50,6,56,5
4148,2,50,9,59,1
4149,2,50,0,50,6
4150,2,50,8,58,1
4151,2,50,7,57,2
4152,1,50,6,56,3
4153,2,50,7,57,4
4154,2,50,5,55,5
4155,2,50,7,57,5
4156,2,50,0,50,5
4157,2,50,1,51,2
4158,1,50,6,56,3
4159,2,50,9,59,3
4160,1,50,1,51,2
4161,2,50,4,54,6
4162,1,50,5,55,6
4163,1,50,1,51,1
4164,2,50,3,53,1
4165,2,50,8,58,1
4166,2,50,8,58,1
4167,2,50,6,56,6
4168,2,50,1,51,5
4169,2,50,1,51,1
4170,2,50,0,50,1
4171,2,50,8,58,6
4172,1,50,8,58,2
4173,2,50,0,50,4
4174,2,50,8,58,1
4175,2,50,6,56,1
4176,2,50,9,59,5
4177,2,50,5,55,6
4178,2,50,1,51,1
4179,2,50,9,59,2
4180,2,50,9,59,2
4181,1,50,0,50,1
4182,2,50,7,57,2
4183,2,50,2,52,1
4184,2,50,4,54,1
4185,1,50,2,52,2
4186,1,50,7,57,6
4187,2,50,6,56,5
4188,1,50,3,53,3
4189,2,50,3,53,1
4190,2,50,1,51,3
4191,2,50,8,58,4
4192,2,50,4,54,6
4193,2,50,0,50,4
4194,2,50,7,57,3
4195,1,50,1,51,5
4196,2,50,1,51,3
4197,2,50,2,52,1
4198,2,50,7,57,2
4199,2,50,9,59,1
4200,2,50,2,52,4
4201,2,50,2,52,1
4202,2,50,3,53,1
4203,2,50,2,52,1
4204,2,50,4,54,5
4205,2,50,7,57,6
4206,2,50,2,52,2
4207,2,50,9,59,6
4208,2,50,4,54,2
4209,2,50,5,55,2
4210,2,50,9,59,3
4211,1,50,4,54,4
4212,1,50,8,58,2
4213,1,50,7,57,4
4214,1,50,7,57,1
4215,2,50,2,52,2
4216,2,50,5,55,4
4217,1,50,7,57,1
4218,2,50,9,59,3
4219,1,50,7,57,6
4220,1,50,6,56,6
4221,2,50,9,59,6
4222,1,50,5,55,1
4223,2,50,0,50,5
4224,2,50,3,53,3
4225,1,50,6,56,4
4226,2,50,1,51,6
4227,2,50,1,51,3
4228,2,50,7,57,4
4229,2,50,1,51,3
4230,2,50,9,59,2
4231,1,50,6,56,5
4232,2,50,6,56,6
4233,2,50,0,50,3
4234,2,50,3,53,1
4235,2,50,8,58,1
4236,2,50,6,56,5
4237,1,50,5,55,4
4238,2,50,1,51,1
4239,1,50,0,50,6
4240,2,50,8,58,6
4241,2,50,0,50,1
4242,2,50,2,52,4
4243,2,50,5,55,1
4244,2,50,0,50,2
4245,2,50,3,53,2
4246,1,50,4,54,6
4247,2,50,6,56,6
4248,2,50,8,58,2
4249,1,50,4,54,2
4250,1,50,4,54,4
4251,2,50,7,57,4
4252,2,50,2,52,4
4253,2,50,0,50,4
4254,2,50,9,59,3
4255,2,50,5,55,5
4256,1,50,8,58,5
4257,2,50,3,53,2
4258,2,50,0,50,1
4259,1,50,7,57,2
4260,2,50,7,57,5
4261,2,50,4,54,1
4262,2,50,5,55,2
4263,1,50,4,54,5
4264,1,50,3,53,4
4265,1,50,2,52,3
4266,1,50,8,58,4
4267,2,50,4,54,2
4268,2,50,4,54,2
4269,2,50,4,54,2
4270,2,50,4,54,6
4271,2,50,2,52,3
4272,2,50,2,52,2
4273,1,50,9,59,1
4274,2,50,3,53,3
4275,1,50,6,56,1
4276,2,50,5,55,1
4277,1,50,3,53,3
4278,2,50,5,55,3
4279,1,50,4,54,1
4280,2,50,7,57,2
4281,2,50,4,54,3
4282,2,50,0,50,5
4283,1,50,3,53,6
4284,2,50,1,51,1
4285,1,50,4,54,2
4286,1,50,4,54,6
4287,2,50,1,51,3
4288,2,50,6,56,2
4289,2,50,1,51,6
4290,2,50,3,53,2
4291,2,50,1,51,1
4292,1,50,1,51,1
4293,2,50,1,51,1
4294,2,50,1,51,1
4295,1,50,3,53,2
4296,2,50,3,53,6
4297,2,50,5,55,2
4298,2,50,3,53,3
4299,2,50,9,59,6
4300,1,50,7,57,5
4301,2,50,6,56,1
4302,1,50,8,58,2
4303,2,50,9,59,4
4304,1,50,1,51,2
4305,1,50,9,59,3
4306,2,50,7,57,6
4307,1,50,0,50,2
4308,2,50,6,56,5
4309,1,50,0,50,1
4310,1,50,0,50,4
4311,2,50,9,59,6
4312,1,50,1,51,2
4313,1,50,6,56,1
4314,2,50,2,52,2
4315,2,50,4,54,6
4316,2,50,2,52,6
4317,1,50,4,54,3
4318,1,50,1,51,4
4319,2,50,4,54,5
4320,1,50,7,57,1
4321,2,50,3,53,1
4322,1,50,6,56,6
4323,2,50,5,55,4
4324,2,50,0,50,2
4325,2,50,8,58,5
4326,2,50,8,58,1
4327,2,50,9,59,2
4328,1,50,7,57,2
4329,2,50,6,56,1
4330,2,50,9,59,3
4331,2,50,6,56,3
4332,1,50,1,51,5
4333,1,50,2,52,3
4334,1,50,9,59,1
4335,2,50,4,54,4
4336,2,50,0,50,2
4337,1,50,4,54,2
4338,1,50,0,50,1
4339,2,50,7,57,6
4340,1,50,9,59,1
4341,2,50,4,54,2
4342,2,50,3,53,4
4343,2,50,6,56,1
4344,2,50,9,59,4
4345,2,50,1,51,6
4346,1,50,7,57,3
4347,2,50,0,50,4
4348,2,50,6,56,3
4349,1,50,3,53,3
4350,2,50,2,52,3
4351,2,50,3,53,5
4352,2,50,6,56,3
4353,2,50,3,53,1
4354,2,50,2,52,6
4355,2,50,6,56,4
4356,2,50,0,50,3
4357,2,50,4,54,3
4358,2,50,1,51,1
4359,2,50,0,50,6
4360,2,50,2,52,1
4361,2,50,7,57,3
4362,1,50,3,53,5
4363,1,50,7,57,4
4364,1,50,4,54,3
4365,2,50,2,52,1
4366,2,50,7,57,1
4367,2,50,5,55,3
4368,1,50,4,54,3
4369,1,50,5,55,1
4370,2,50,7,57,4
4371,2,50,2,52,5
4372,1,50,2,52,1
4373,2,50,6,56,4
4374,2,50,8,58,6
4375,2,50,5,55,5
4376,2,50,5,55,1
4377,1,50,9,59,5
4378,2,50,8,58,2
4379,2,50,4,54,2
4380,1,50,8,58,1
4381,2,50,8,58,2
4382,2,50,0,50,2
4383,2,50,4,54,6
4384,2,50,1,51,2
4385,2,50,4,54,1
4386,2,50,3,53,4
4387,2,50,9,59,1
4388,2,50,2,52,6
4389,2,50,0,50,4
4390,2,50,2,52,3
4391,1,50,7,57,1
4392,2,50,0,50,5
4393,2,50,4,54,1
4394,2,50,2,52,2
4395,2,50,8,58,3
4396,1,50,4,54,1
4397,2,50,4,54,1
4398,2,50,7,57,6
4399,2,50,0,50,2
4400,2,50,8,58,3
4401,2,50,6,56,6
4402,2,50,6,56,5
4403,1,50,6,56,4
4404,2,50,1,51,2
4405,2,50,5,55,5
4406,1,50,3,53,4
4407,2,50,5,55,3
4408,1,50,6,56,1
4409,1,50,2,52,4
4410,2,50,2,52,4
4411,2,50,7,57,3
4412,2,50,9,59,1
4413,2,50,7,57,1
4414,1,50,8,58,1
4415,1,50,2,52,5
4416,1,50,4,54,1
4417,2,50,4,54,1
4418,2,50,4,54,3
4419,1,50,1,51,2
4420,1,50,7,57,2
4421,1,50,2,52,5
4422,2,50,6,56,2
4423,2,50,0,50,5
4424,2,50,2,52,3
4425,1,50,3,53,4
4426,2,50,7,57,2
4427,2,50,8,58,6
4428,1,50,6,56,6
4429,2,50,3,53,3
4430,2,50,3,53,1
4431,2,50,8,58,2
4432,2,50,4,54,6
4433,2,50,6,56,4
4434,2,50,3,53,1
4435,2,50,7,57,5
4436,1,50,9,59,6
4437,2,50,1,51,3
4438,2,50,4,54,4
4439,2,50,2,52,2
4440,2,50,3,53,4
4441,2,50,1,51,6
4442,2,50,3,53,1
4443,1,50,2,52,5
4444,2,50,1,51,3
4445,1,50,0,50,4
4446,2,50,4,54,6
4447,2,50,3,53,6
4448,2,50,6,56,1
4449,1,50,1,51,5
4450,2,50,4,54,4
4451,1,50,7,57,2
4452,1,50,4,54,6
4453,1,50,7,57,1
4454,2,50,2,52,1
4455,2,50,5,55,1
4456,2,50,4,54,5
4457,2,50,1,51,3
4458,1,50,4,54,6
4459,1,50,2,52,2
4460,1,50,6,56,3
4461,1,50,3,53,6
4462,1,50,6,56,1
4463,2,50,3,53,5
4464,2,50,9,59,3
4465,2,50,8,58,3
4466,2,50,8,58,1
4467,2,50,8,58,4
4468,2,50,2,52,2
4469,2,50,1,51,6
4470,1,50,8,58,1
4471,2,50,9,59,4
4472,2,50,9,59,1
4473,2,50,9,59,4
4474,2,50,4,54,6
4475,2,50,2,52,1
4476,2,50,2,52,6
4477,2,50,4,54,2
4478,2,50,8,58,6
4479,2,50,3,53,1
4480,2,50,9,59,2
4481,2,50,0,50,1
4482,2,50,1,51,1
4483,1,50,1,51,6
4484,2,50,4,54,5
4485,2,50,1,51,6
4486,2,50,2,52,1
4487,2,50,4,54,1
4488,1,50,4,54,2
4489,2,50,4,54,4
4490,2,50,7,57,1
4491,2,50,1,51,1
4492,2,50,5,55,5
4493,2,50,3,53,6
4494,2,50,1,51,2
4495,2,50,6,56,1
4496,2,50,9,59,1
4497,2,50,4,54,1
4498,1,50,3,53,1
4499,2,50,9,59,5
4500,1,50,2,52,1
4501,1,60,0,60,2
4502,2,60,0,60,4
4503,2,60,6,66,5
4504,2,60,2,62,3
4505,2,60,6,66,2
4506,1,60,3,63,5
4507,2,60,2,62,3
4508,1,60,6,66,1
4509,2,60,9,69,1
4510,2,60,6,66,1
4511,1,60,0,60,5
4512,2,60,1,61,2
4513,1,60,8,68,2
4514,2,60,7,67,1
4515,1,60,1,61,5
4516,1,60,4,64,5
4517,2,60,0,60,5
4518,2,60,0,60,6
4519,2,60,1,61,4
4520,2,60,5,65,5
4521,1,60,2,62,4
4522,1,60,5,65,6
4523,2,60,2,62,3
4524,2,60,5,65,4
4525,2,60,2,62,4
4526,2,60,1,61,3
4527,2,60,2,62,2
4528,2,60,5,65,6
4529,2,60,3,63,5
4530,2,60,9,69,6
4531,1,60,2,62,2
4532,2,60,0,60,2
4533,1,60,4,64,6
4534,1,60,1,61,4
4535,1,60,0,60,1
4536,1,60,5,65,1
4537,2,60,9,69,2
4538,1,60,7,67,1
4539,2,60,0,60,4
4540,2,60,1,61,2
4541,2,60,8,68,4
4542,2,60,0,60,3
4543,1,60,4,64,6
4544,2,60,0,60,3
4545,1,60,8,68,4
4546,2,60,6,66,5
4547,2,60,4,64,5
4548,1,60,6,66,5
4549,2,60,0,60,1
4550,2,60,0,60,5
4551,2,60,5,65,3
4552,2,60,7,67,1
4553,2,60,4,64,6
4554,2,60,1,61,3
4555,2,60,1,61,2
4556,2,60,4,64,1
4557,2,60,6,66,6
4558,1,60,4,64,3
4559,2,60,3,63,5
4560,1,60,5,65,1
4561,2,60,0,60,1
4562,2,60,9,69,2
4563,2,60,6,66,4
4564,2,60,2,62,1
4565,1,60,1,61,1
4566,2,60,1,61,1
4567,2,60,6,66,3
4568,2,60,5,65,5
4569,1,60,1,61,1
4570,2,60,2,62,3
4571,2,60,2,62,5
4572,1,60,1,61,5
4573,1,60,6,66,6
4574,2,60,1,61,5
4575,2,60,1,61,5
4576,2,60,6,66,2
4577,2,60,7,67,2
4578,1,60,1,61,4
4579,2,60,2,62,1
4580,2,60,4,64,4
4581,2,60,0,60,5
4582,2,60,8,68,6
4583,2,60,6,66,3
4584,2,60,2,62,3
4585,1,60,2,62,1
4586,2,60,8,68,3
4587,2,60,3,63,5
4588,1,60,7,67,6
4589,1,60,8,68,2
4590,1,60,5,65,2
4591,2,60,0,60,4
4592,2,60,1,61,1
4593,2,60,5,65,1
4594,1,60,1,61,1
4595,2,60,4,64,2
4596,2,60,0,60,4
4597,2,60,6,66,2
4598,2,60,6,66,2
4599,2,60,8,68,4
4600,2,60,1,61,4
4601,2,60,7,67,6
4602,1,60,5,65,2
4603,2,60,5,65,1
4604,2,60,1,61,6
4605,1,60,1,61,1
4606,2,60,8,68,3
4607,1,60,4,64,1
4608,1,60,4,64,1
4609,2,60,9,69,4
4610,2,60,5,65,1
4611,2,60,6,66,3
4612,2,60,0,60,4
4613,2,60,6,66,4
4614,1,60,3,63,6
4615,2,60,3,63,5
4616,1,60,0,60,1
4617,2,60,1,61,5
4618,2,60,3,63,5
4619,2,60,9,69,6
4620,2,60,9,69,5
4621,1,60,0,60,2
4622,1,60,0,60,5
4623,2,60,1,61,3
4624,2,60,8,68,5
4625,2,60,5,65,5
4626,2,60,1,61,5
4627,2,60,6,66,4
4628,2,60,6,66,5
4629,1,60,0,60,1
4630,1,60,5,65,6
4631,2,60,2,62,3
4632,2,60,7,67,4
4633,2,60,6,66,4
4634,1,60,3,63,6
4635,2,60,5,65,1
4636,2,60,2,62,1
4637,1,60,0,60,6
4638,2,60,0,60,6
4639,2,60,7,67,2
4640,2,60,7,67,4
4641,1,60,7,67,6
4642,1,60,8,68,3
4643,2,60,0,60,6
4644,2,60,1,61,4
4645,2,60,8,68,3
4646,2,60,7,67,6
4647,2,60,6,66,3
4648,2,60,8,68,5
4649,2,60,8,68,4
4650,1,60,9,69,2
4651,2,60,7,67,4
4652,2,60,5,65,5
4653,2,60,7,67,6
4654,2,60,5,65,6
4655,2,60,2,62,2
4656,2,60,5,65,1
4657,1,60,4,64,2
4658,1,60,2,62,2
4659,2,60,0,60,1
4660,1,60,5,65,5
4661,2,60,9,69,2
4662,2,60,0,60,5
4663,1,60,5,65,5
4664,2,60,7,67,3
4665,2,60,0,60,3
4666,2,60,9,69,2
4667,1,60,3,63,4
4668,1,60,1,61,6
4669,2,60,0,60,6
4670,2,60,8,68,2
4671,2,60,1,61,1
4672,2,60,1,61,2
4673,2,60,4,64,1
4674,2,60,0,60,6
4675,2,60,0,60,2
4676,2,60,3,63,2
4677,2,60,6,66,3
4678,2,60,6,66,2
4679,2,60,5,65,4
4680,1,60,4,64,5
4681,1,60,7,67,1
4682,2,60,2,62,5
4683,1,60,3,63,2
4684,2,60,8,68,6
4685,2,60,0,60,3
4686,2,60,2,62,6
4687,2,60,9,69,2
4688,2,60,5,65,1
4689,2,60,8,68,5
4690,2,60,2,62,4
4691,1,60,3,63,2
4692,2,60,2,62,1
4693,1,60,5,65,4
4694,2,60,2,62,6
4695,2,60,7,67,3
4696,2,60,7,67,4
4697,2,60,4,64,5
4698,1,60,2,62,3
4699,1,60,6,66,1
4700,2,60,6,66,3
4701,2,60,4,64,2
4702,2,60,2,62,6
4703,1,60,6,66,1
4704,1,60,7,67,5
4705,2,60,2,62,4
4706,1,60,5,65,6
4707,2,60,5,65,5
4708,2,60,2,62,6
4709,2,60,3,63,2
4710,1,60,6,66,2
4711,2,60,6,66,6
4712,1,60,6,66,5
4713,2,60,5,65,6
4714,1,60,1,61,2
4715,2,60,2,62,4
4716,2,60,1,61,3
4717,1,60,2,62,1
4718,1,60,1,61,3
4719,2,60,1,61,2
4720,1,60,3,63,4
4721,1,60,6,66,1
4722,2,60,4,64,3
4723,2,60,6,66,4
4724,1,60,8,68,5
4725,2,60,9,69,4
4726,2,60,7,67,4
4727,2,60,6,66,1
4728,1,60,4,64,4
4729,2,60,8,68,6
4730,2,60,6,66,1
4731,1,60,1,61,1
4732,2,60,8,68,1
4733,1,60,9,69,1
4734,2,60,8,68,4
4735,1,60,5,65,1
4736,2,60,6,66,3
4737,2,60,1,61,2
4738,2,60,8,68,1
4739,1,60,2,62,3
4740,2,60,5,65,3
4741,1,60,5,65,4
4742,2,60,7,67,1
4743,2,60,3,63,2
4744,1,60,5,65,2
4745,2,60,5,65,3
4746,2,60,3,63,4
4747,2,60,1,61,2
4748,1,60,9,69,5
4749,2,60,6,66,5
4750,2,60,6,66,3
4751,1,60,6,66,5
4752,2,60,5,65,4
4753,1,60,4,64,4
4754,1,60,4,64,6
4755,2,60,9,69,4
4756,2,60,3,63,5
4757,2,60,3,63,6
4758,1,60,6,66,1
4759,2,60,7,67,1
4760,1,60,0,60,2
4761,1,60,7,67,6
4762,2,60,2,62,2
4763,1,60,6,66,2
4764,2,60,0,60,2
4765,2,60,0,60,4
4766,1,60,5,65,4
4767,1,60,2,62,1
4768,1,60,6,66,6
4769,2,60,4,64,3
4770,2,60,7,67,4
4771,2,60,4,64,3
4772,2,60,1,61,1
4773,1,60,8,68,4
4774,2,60,4,64,5
4775,1,60,6,66,4
4776,2,60,5,65,2
4777,2,60,2,62,6
4778,2,60,7,67,5
4779,1,60,2,62,4
4780,2,60,1,61,4
4781,1,60,1,61,1
4782,2,60,9,69,5
4783,1,60,5,65,4
4784,2,60,7,67,2
4785,2,60,1,61,6
4786,1,60,0,60,4
4787,1,60,8,68,3
4788,2,60,8,68,3
4789,2,60,4,64,1
4790,2,60,8,68,2
4791,1,60,8,68,4
4792,2,60,1,61,2
4793,2,60,1,61,2
4794,1,60,5,65,5
4795,1,60,1,61,6
4796,2,60,0,60,3
4797,2,60,6,66,2
4798,1,60,4,64,2
4799,2,60,4,64,5
4800,2,60,7,67,3
4801,2,60,6,66,1
4802,1,60,2,62,5
4803,2,60,8,68,2
4804,2,60,5,65,2
4805,2,60,8,68,4
4806,1,60,1,61,2
4807,2,60,2,62,6
4808,2,60,4,64,6
4809,2,60,2,62,2
4810,1,60,9,69,2
4811,1,60,5,65,5
4812,2,60,6,66,3
4813,2,60,9,69,5
4814,1,60,2,62,2
4815,1,60,7,67,3
4816,2,60,6,66,1
4817,2,60,9,69,5
4818,2,60,4,64,5
4819,2,60,4,64,4
4820,1,60,1,61,4
4821,1,60,3,63,1
4822,2,60,1,61,3
4823,2,60,6,66,3
4824,2,60,3,63,4
4825,1,60,6,66,1
4826,2,60,8,68,6
4827,2,60,5,65,3
4828,2,60,8,68,1
4829,2,60,2,62,6
4830,2,60,0,60,5
4831,2,60,9,69,2
4832,1,60,5,65,2
4833,2,60,7,67,2
4834,2,60,1,61,1
4835,2,60,2,62,2
4836,2,60,3,63,3
4837,1,60,0,60,1
4838,2,60,1,61,6
4839,2,60,3,63,6
4840,2,60,3,63,1
4841,1,60,8,68,3
4842,2,60,5,65,3
4843,2,60,1,61,6
4844,2,60,0,60,6
4845,2,60,8,68,5
4846,2,60,6,66,1
4847,1,60,9,69,6
4848,2,60,0,60,6
4849,2,60,3,63,6
4850,2,60,2,62,5
4851,2,60,2,62,4
4852,1,60,0,60,6
4853,2,60,1,61,2
4854,1,60,3,63,1
4855,2,60,4,64,1
4856,2,60,3,63,4
4857,2,60,5,65,6
4858,1,60,3,63,2
4859,1,60,0,60,2
4860,2,60,9,69,4
4861,2,60,3,63,1
4862,2,60,0,60,5
4863,1,60,5,65,6
4864,1,60,7,67,4
4865,2,60,9,69,1
4866,2,60,0,60,1
4867,1,60,9,69,2
4868,2,60,4,64,5
4869,2,60,8,68,6
4870,2,60,5,65,1
4871,2,60,3,63,3
4872,2,60,2,62,5
4873,2,60,2,62,4
4874,2,60,8,68,5
4875,2,60,6,66,6
4876,1,60,1,61,5
4877,1,60,7,67,2
4878,1,60,6,66,2
4879,2,60,8,68,6
4880,1,60,1,61,3
4881,2,60,9,69,4
4882,2,60,3,63,1
4883,2,60,0,60,1
4884,2,60,9,69,1
4885,1,60,5,65,2
4886,2,60,3,63,6
4887,2,60,5,65,5
4888,1,60,0,60,5
4889,2,60,4,64,1
4890,1,60,3,63,3
4891,1,60,6,66,2
4892,2,60,5,65,6
4893,2,60,5,65,5
4894,2,60,7,67,1
4895,1,60,8,68,2
4896,1,60,2,62,4
4897,2,60,6,66,4
4898,2,60,6,66,2
4899,1,60,2,62,4
4900,2,60,1,61,5
4901,2,60,1,61,5
4902,2,60,9,69,3
4903,1,60,8,68,2
4904,1,60,7,67,1
4905,2,60,6,66,2
4906,2,60,6,66,5
4907,2,60,7,67,1
4908,1,60,2,62,3
4909,2,60,6,66,2
4910,2,60,8,68,1
4911,2,60,8,68,1
4912,2,60,8,68,1
4913,2,60,3,63,5
4914,2,60,5,65,3
4915,2,60,0,60,1
4916,2,60,7,67,2
4917,2,60,4,64,2
4918,1,60,3,63,3
4919,2,60,7,67,1
4920,1,60,8,68,1
4921,1,60,3,63,5
4922,2,60,6,66,6
4923,2,60,1,61,5
4924,1,60,4,64,3
4925,1,60,5,65,1
4926,2,60,2,62,5
4927,1,60,2,62,2
4928,2,60,8,68,3
4929,1,60,8,68,6
4930,2,60,5,65,6
4931,2,60,3,63,6
4932,2,60,6,66,1
4933,2,60,2,62,1
4934,1,60,0,60,4
4935,2,60,9,69,4
4936,2,60,7,67,5
4937,2,60,6,66,1
4938,2,60,8,68,2
4939,2,60,0,60,3
4940,2,60,9,69,4
4941,2,60,5,65,1
4942,2,60,8,68,2
4943,1,60,3,63,5
4944,1,60,4,64,5
4945,1,60,7,67,1
4946,2,60,7,67,6
4947,2,60,9,69,2
4948,1,60,4,64,1
4949,2,60,1,61,2
4950,2,60,2,62,6
4951,1,60,3,63,3
4952,1,60,9,69,3
4953,1,60,2,62,4
4954,2,60,6,66,6
4955,2,60,0,60,2
4956,1,60,7,67,4
4957,2,60,1,61,6
4958,2,60,8,68,5
4959,1,60,2,62,6
4960,2,60,8,68,1
4961,2,60,1,61,2
4962,1,60,7,67,4
4963,2,60,9,69,5
4964,1,60,3,63,2
4965,1,60,2,62,1
4966,2,60,7,67,2
4967,1,60,7,67,4
4968,2,60,5,65,5
4969,1,60,8,68,5
4970,2,60,9,69,5
4971,2,60,0,60,6
4972,1,60,0,60,3
4973,1,60,9,69,4
4974,2,60,7,67,6
4975,1,60,5,65,5
4976,2,60,6,66,3
4977,2,60,7,67,5
4978,2,60,0,60,3
4979,2,60,1,61,2
4980,2,60,0,60,2
4981,2,60,2,62,6
4982,1,60,2,62,2
4983,1,60,3,63,3
4984,2,60,5,65,4
4985,2,60,9,69,1
4986,1,60,4,64,5
4987,2,60,6,66,6
4988,2,60,9,69,3
4989,1,60,6,66,6
4990,1,60,7,67,1
4991,2,60,1,61,6
4992,1,60,8,68,4
4993,2,60,7,67,2
4994,1,60,3,63,6
4995,1,60,9,69,5
4996,2,60,1,61,1
4997,2,60,0,60,6
4998,2,60,8,68,3
4999,1,60,6,66,4
5000,1,60,3,63,6
